"state","unit","status","plant_type","renewable","time","generation","vomcost","variable_cost","capacity","fomcost","fixed_cost","total_cost","wholesale_cost"
"AL","bio_X","existing","bio","yes",2020,3.3169751740297,5.85010985199079,19.4046691444,0.7135,244.268915099495,174.28587092349,193.69054006789,27.22135707
"AL","col_X1","existing","col","no",2020,24.0447778247252,7.2450515686919,174.205655297874,4.908,64.0392076181408,314.304430989835,488.510086287709,27.22135707
"AL","col_X2","existing","col","no",2020,8.589332729956,6.28267486792975,53.963984874781,3.3512,129.283736677489,433.2556583536,487.219643228381,27.22135707
"AL","col_X3","existing","col","no",2020,0.024883890997,3.23243831622624,0.0804356427155,0.048,130.329466927708,6.25581441253,6.3362500552455,27.22135707
"AL","hyd_X","existing","hyd","yes",2020,11.405216,0,0,3.3183,91.1814219339722,302.5673124035,302.5673124035,27.22135707
"AL","ngcc_X1","existing","ngcc","no",2020,49.661877043,2.26463169051272,112.465860561924,10.4003,12.7399173144977,132.49896204597,244.964822607894,27.22135707
"AL","ngtb_X1","existing","ngtb","no",2020,1.244494995,4.78188568000629,5.95103279543,1.4392,11.0474590676834,15.89950309021,21.85053588564,27.22135707
"AL","ngtb_X2","existing","ngtb","no",2020,0.259989,4.92921805449077,1.281542472769,0.2716,6.57315679447717,1.78526938538,3.066811858149,27.22135707
"AL","ngtb_X3","existing","ngtb","no",2020,0.090141,4.78638890300085,0.4314498821054,1.2254,13.3144350144035,16.31550866665,16.7469585487554,27.22135707
"AL","nuc_X","existing","nuc","yes",2020,43.656862,2.55696031428003,111.62886358,5.2704,131.239238501822,691.6832826,803.31214618,27.22135707
"AL","oth_X","existing","oth","no",2020,-5.6e-05,0,0,0.001,0,0,0,27.22135707
"AL","slr_X","existing","slr","yes",2020,0.384939,0,0,0.1969,20.6915295982732,4.0741621779,4.0741621779,27.22135707
"AR","bio_X","existing","bio","yes",2020,1.26381807396,5.32119012147697,6.7250162505,0.3125,217.41490802976,67.9421587593,74.6671750098,27.22135707
"AR","col_X1","existing","col","no",2020,8.305096738,9.50418756616667,78.933197153111,1.6235,63.1003062340992,102.44334717106,181.376544324171,28.2491401581368
"AR","col_X2","existing","col","no",2020,14.775689963,6.73083641704996,99.45275209,4.158,46.2914751587302,192.47995371,291.9327058,27.5633470363027
"AR","col_X3","existing","col","no",2020,0.177462,3.21158773827636,0.56993478321,0.8085,67.5760788423005,54.635259744,55.20519452721,27.22135707
"AR","hyd_X","existing","hyd","yes",2020,4.134698,0,0,1.3196,92.6869600591846,122.3097124941,122.3097124941,28.7426143508673
"AR","msw_X","existing","msw","no",2020,0.005067868,1.13268106138518,0.0057402781052,0.1565,12.506030954377,1.95719384436,1.9629341224652,27.22135707
"AR","ngcc_X1","existing","ngcc","no",2020,20.93302196109,2.22839038185871,46.64694480133,5.5884,12.6977857982947,70.96030615519,117.60725095652,27.22135707
"AR","ngtb_X1","existing","ngtb","no",2020,0.15210716,4.77941736641457,0.72698360206,0.3996,11.0474590687938,4.41456464389,5.14154824595,27.2279681122471
"AR","ngtb_X2","existing","ngtb","no",2020,0.277323,4.79192363551786,1.32891063837272,0.4366,11.2212699976409,4.89920648097,6.22811711934272,28.4171483911427
"AR","ngtb_X3","existing","ngtb","no",2020,8.4e-05,4.79192363571429,0.0004025215854,0.0136,11.0474590661765,0.1502454433,0.1506479648854,29.34733352
"AR","nuc_X","existing","nuc","yes",2020,13.574947,2.55696031446753,34.71060075,1.845,131.239238482385,242.136395,276.84699575,27.22135707
"AR","oth_X","existing","oth","no",2020,-0.000229,0,0,0.012,0,0,0,29.34733352
"AR","slr_X","existing","slr","yes",2020,0.20793,0,0,0.11,20.6915296036364,2.2760682564,2.2760682564,27.302907534893
"AR","stog_X1","existing","stog","no",2020,0.050722,0,0,0.028,0,0,0,27.22135707
"AZ","bio_X","existing","bio","yes",2020,0.200150996,5.28468674220337,1.057735315,0.0272,136.741037022059,3.719356207,4.777091522,22.75531441
"AZ","col_X2","existing","col","no",2020,24.93889388765,6.17510615470651,154.0003171372,4.0038,81.2289287729157,325.224385021,479.2247021582,22.75531441
"AZ","col_X3","existing","col","no",2020,0.966244500027,3.21690477625502,3.108316547167,0.6773,84.0502362202865,56.927224992,60.035541539167,22.75531441
"AZ","hyd_X","existing","hyd","yes",2020,6.204439,0,0,2.7136,92.2429261237839,250.3104043295,250.3104043295,22.75531441
"AZ","ngcc_X1","existing","ngcc","no",2020,40.5797100901,2.27026686182304,92.12677107994,10.5276,13.1840493505952,138.796397943326,230.923169023266,22.75531441
"AZ","ngtb_X1","existing","ngtb","no",2020,1.3500738,4.79192363602642,6.4694505526,2.3677,11.0474590682941,26.157068836,32.6265193886,22.75531441
"AZ","ngtb_X2","existing","ngtb","no",2020,0.531809281,4.77480617921559,2.539286241083,1.0328,12.279259832378,12.68201955488,15.221305795963,22.75531441
"AZ","ngtb_X3","existing","ngtb","no",2020,0.100427,4.7889624122717,0.48094112817721,0.5539,14.6921928658783,8.13800562841,8.61894675658721,22.75531441
"AZ","nuc_X","existing","nuc","yes",2020,31.920368,2.55696031449262,81.6191142,4.2096,131.239238502471,552.4646984,634.0838126,22.75531441
"AZ","oth_X","existing","oth","no",2020,-0.004442,0,0,0.04,0,0,0,22.75531441
"AZ","slr_X","existing","slr","yes",2020,5.27687309,0,0,2.1561,20.6915296001391,44.61300697086,44.61300697086,22.75531441
"AZ","stog_X1","existing","stog","no",2020,0.061702,0,0,0.1541,0,0,0,22.75531441
"AZ","stog_X2","existing","stog","no",2020,-0.059229,0,0,0.04,0,0,0,22.75531441
"AZ","wnd_X","existing","wnd","yes",2020,0.554374,0,0,0.2673,47.6538110145903,12.7378636842,12.7378636842,22.75531441
"CA","bio_X","existing","bio","yes",2020,3.42875927801,5.46055979999637,18.722945077366,0.6654,136.69336811052,90.95576714074,109.678712218106,22.75531441
"CA","col_X1","existing","col","no",2020,0.87390604,3.25490807917245,2.8444838300336,0.2284,78.8817952116462,18.01660202634,20.8610858563736,22.75531441
"CA","col_X2","existing","col","no",2020,0,0,0,0.0029,0,0,0,NA
"CA","col_X3","existing","col","no",2020,1.83746821799,3.41100084558802,6.267605645305,5.5129,74.9864649879374,413.392882832,419.660488477305,22.75531441
"CA","geo_X","existing","geo","yes",2020,10.914107,0,0,2.7284,155.811743458071,425.116760851,425.116760851,22.75531441
"CA","hyd_X","existing","hyd","yes",2020,38.35476869,0,0,9.8416,92.361101576512,908.9810172754,908.9810172754,22.75531441
"CA","msw_X","existing","msw","no",2020,0.31354351,2.22797920001597,0.69856841858,0.0596,2.84563679966443,0.16959995326,0.86816837184,22.75531441
"CA","ngcc_X1","existing","ngcc","no",2020,69.668007257046,2.26836875271374,158.032730725717,21.7369,13.4526060127653,292.417951638879,450.450682364596,22.75531441
"CA","ngcc_X2","existing","ngcc","no",2020,1.345810000001,2.22043529797578,2.988284028371,0.4257,13.8882277879023,5.91221856931,8.900502597681,22.75531441
"CA","ngcc_X3","existing","ngcc","no",2020,0.0102430000002,2.24769557791179,0.023023145805,0.2028,17.7072850996055,3.5910374182,3.614060564005,22.75531441
"CA","ngtb_X1","existing","ngtb","no",2020,13.934771458,4.79067973903673,66.7570272919479,8.2231,11.5481187854057,94.9613355842697,161.718362876218,22.75531441
"CA","ngtb_X2","existing","ngtb","no",2020,1.55564198,4.79349571125897,7.45696315938441,3.6985,11.3864847821714,42.112913966861,49.5698771262454,22.75531441
"CA","ngtb_X3","existing","ngtb","no",2020,0.44988126,4.78914778294539,2.15454783891768,1.5515,14.849680540058,23.0392793579,25.1938271968177,22.75531441
"CA","nuc_X","existing","nuc","yes",2020,16.165384,2.55696031408843,41.33424535,2.323,131.239238527766,304.8687511,346.20299645,22.75531441
"CA","oth_X","existing","oth","no",2020,0.87091849,0.135275959292126,0.1178143342,0.3272,1.05084656204156,0.3438369951,0.4616513293,23.0581030707206
"CA","slr_X","existing","slr","yes",2020,28.32424861,0.365946471820634,10.3651588458,12.7087,25.8487754979093,328.50433317028,338.86949201608,22.75531441
"CA","stog_X1","existing","stog","no",2020,0.447818,0,0,1.8258,0,0,0,22.75531441
"CA","stog_X2","existing","stog","no",2020,-0.478433,0,0,1.5442,0,0,0,22.75531441
"CA","wnd_X","existing","wnd","yes",2020,13.730984,0,0,6.1386,47.6538110137914,292.52768428926,292.52768428926,22.75531441
"CO","bio_X","existing","bio","yes",2020,0.088528,5.28863902720043,0.4681926358,0.0126,136.741036984127,1.722937066,2.1911297018,22.75531441
"CO","col_X1","existing","col","no",2020,0.211595459999,3.2327475994581,0.684034715368,0.0441,48.4696097839002,2.13750979147,2.821544506838,22.75531441
"CO","col_X2","existing","col","no",2020,26.498946996,8.63042768218381,228.697245703,5.1693,56.6873008695568,293.033664385,521.730910088,22.75531441
"CO","col_X3","existing","col","no",2020,0.010371999999,3.20475676660285,0.03323973718,0.0611,83.9838420621931,5.13141275,5.16465248718,22.75531441
"CO","hyd_X","existing","hyd","yes",2020,1.811001,0,0,0.6684,92.6869600479204,61.95196409603,61.95196409603,22.75531441
"CO","ngcc_X1","existing","ngcc","no",2020,14.050971469896,2.25897355561458,31.74077298119,3.9132,12.854863214558,50.3036507312083,82.0444237123983,22.75531441
"CO","ngtb_X1","existing","ngtb","no",2020,0.395124,4.77690506370886,1.8874698363929,0.5603,11.0474590669302,6.189891315201,8.0773611515939,22.75531441
"CO","ngtb_X2","existing","ngtb","no",2020,1.327428002,4.79432450382254,6.3641205970488,2.4332,11.1999321459559,27.25167489754,33.6157954945888,22.75531441
"CO","ngtb_X3","existing","ngtb","no",2020,0.065354,4.76637174469321,0.31150145900268,0.4812,15.3353858094032,7.3793876514848,7.69088911048748,22.75531441
"CO","oth_X","existing","oth","no",2020,-0.001162,0,0,0.0063,0,0,0,22.75531441
"CO","slr_X","existing","slr","yes",2020,1.21822037,0,0,0.6038,20.6915295997681,12.49354557234,12.49354557234,22.7564832265482
"CO","stog_X2","existing","stog","no",2020,-0.191882,0,0,0.5085,0,0,0,22.75531441
"CO","wnd_X","existing","wnd","yes",2020,10.85237576,0,0,3.7584,47.6538110169035,179.10208332593,179.10208332593,22.75531441
"CT","bio_X","existing","bio","yes",2020,0.269187997,5.19655347411348,1.398849821,0.043,135.638077023256,5.832437312,7.231287133,37.63620393
"CT","col_X1","existing","col","no",2020,0.034875338996,3.11694140413855,0.1087043881,0.0275,43.1236005418182,1.1858990149,1.294603403,37.63620393
"CT","col_X2","existing","col","no",2020,-0.002647,-19.7024336913487,0.052152341981,0.46,195.944563043478,90.134499,90.186651341981,37.63620393
"CT","col_X3","existing","col","no",2020,0.25974886695996,4.73688860554705,1.23040144820639,1.7661,207.577898588622,366.603326697365,367.833728145571,37.63620393
"CT","hyd_X","existing","hyd","yes",2020,0.42791728,0,0,0.1155,92.686960056277,10.7053438865,10.7053438865,37.63620393
"CT","msw_X","existing","msw","no",2020,1.051245136,2.9217035425313,3.07142663792,0.2062,20.8791932694471,4.30528965216,7.37671629008,37.63620393
"CT","ngcc_X1","existing","ngcc","no",2020,20.069536311521,2.22810242274327,44.716982479034,4.1923,12.6778820897057,53.1494850846732,97.8664675637072,37.63620393
"CT","ngcc_X2","existing","ngcc","no",2020,0.006102,2.23529733251393,0.013639784323,0.0705,12.6782583408511,0.89381721303,0.907456997353,37.63620393
"CT","ngtb_X1","existing","ngtb","no",2020,0.63722944,4.78263280183241,3.0476344220373,0.5955,12.8284096486818,7.63931794579,10.6869523678273,37.63620393
"CT","ngtb_X2","existing","ngtb","no",2020,0.061732,5.51321169480885,0.34034158434394,0.9932,19.1606622950665,19.03036979146,19.3707113758039,37.63620393
"CT","ngtb_X3","existing","ngtb","no",2020,0.03916666,4.7919236356733,0.18768364378438,0.4956,17.0140044462066,8.43214060354,8.61982424732438,37.63620393
"CT","nuc_X","existing","nuc","yes",2020,16.733398,2.55696031433663,42.78663461,2.1629,131.239238522354,283.857349,326.64398361,37.63620393
"CT","oth_X","existing","oth","no",2020,0.309723,0,0,0.0493,0,0,0,37.5463665611129
"CT","slr_X","existing","slr","yes",2020,0.138453,0,0,0.1319,20.6915295996967,2.7292127542,2.7292127542,37.63620393
"CT","stog_X1","existing","stog","no",2020,0.002155,0,0,0.031,0,0,0,37.63620393
"CT","wnd_X","existing","wnd","yes",2020,0.012215,0,0,0.005,47.65381102,0.2382690551,0.2382690551,37.63620393
"DC","ngtb_X1","existing","ngtb","no",2020,0.055128,4.7919236359019,0.2641691662,0.0141,11.047459070922,0.1557691729,0.4199383391,27.22135707
"DC","ngtb_X2","existing","ngtb","no",2020,0.08424766,4.79192363562383,0.4037083532,0.0121,11.0474590677686,0.13367425472,0.53738260792,34.24542896
"DC","ngtb_X3","existing","ngtb","no",2020,0.02587538,4.79192363551762,0.123992845,0.0108,11.0474590648148,0.1193125579,0.2433054029,34.24542896
"DC","slr_X","existing","slr","yes",2020,0.008829,0,0,0.0069,20.6915295942029,0.1427715542,0.1427715542,34.24542896
"DE","col_X1","existing","col","no",2020,0.32158100001,3.23401740113816,1.03999854990775,0.2536,94.7164889511041,24.020101598,25.0601001479078,34.24542896
"DE","col_X3","existing","col","no",2020,0.258854004,7.44951325929654,1.92833633502,1.1433,60.6247112638852,69.312232388,71.24056872302,34.24542896
"DE","ngcc_X1","existing","ngcc","no",2020,3.2800449679,2.23705226861503,7.3376320366,1.622,12.67328300164,20.55606502866,27.89369706526,34.24542896
"DE","ngtb_X1","existing","ngtb","no",2020,1.035216,4.78976747917343,4.95844393072,0.2813,11.0474590662993,3.10765023535,8.06609416607,34.24542896
"DE","ngtb_X2","existing","ngtb","no",2020,0.080184,4.7766819190861,0.383013463,0.106,11.0474590630189,1.17103066068,1.55404412368,34.24542896
"DE","ngtb_X3","existing","ngtb","no",2020,0.000516,4.79192363468992,0.0024726325955,0.1091,19.2266615811182,2.0976287785,2.1001014110955,34.24542896
"DE","oth_X","existing","oth","no",2020,0.223065,0,0,0.0289,0,0,0,34.24542896
"DE","slr_X","existing","slr","yes",2020,0.05380701,0,0,0.0338,20.6915296005917,0.6993737005,0.6993737005,34.24542896
"DE","wnd_X","existing","wnd","yes",2020,0.00527,0,0,0.002,47.653811015,0.09530762203,0.09530762203,34.24542896
"FL","bio_X","existing","bio","yes",2020,2.616789246035,7.35330307305636,19.24204440441,0.7129,224.947457957638,160.365042778,179.60708718241,27.22135707
"FL","col_X1","existing","col","no",2020,1.8699908929504,3.27198691844976,6.1185857393539,0.7348,82.2852164323155,60.4631770344654,66.5817627738193,27.22135707
"FL","col_X2","existing","col","no",2020,32.05708422665,8.0479729027886,257.994545198491,11.4532,104.517248254026,1197.05694770301,1455.0514929015,27.22135707
"FL","col_X3","existing","col","no",2020,0.809782968998729,7.24189056887675,5.86435964602891,0.7833,97.7295840086174,76.55158315395,82.4159427999789,27.22135707
"FL","hyd_X","existing","hyd","yes",2020,0.209882,0,0,0.0435,92.686960045977,4.031882762,4.031882762,27.22135707
"FL","msw_X","existing","msw","no",2020,2.991442555,2.87305472707962,8.5945781734299,0.6082,9.59440276906774,5.835315764147,14.4298939375769,27.22135707
"FL","ngcc_X1","existing","ngcc","no",2020,164.914781162534,2.22566250566572,367.04464506352,34.9136,12.6779778841672,442.633848656661,809.678493720181,27.22135707
"FL","ngcc_X2","existing","ngcc","no",2020,0.160262,2.21245287366937,0.35457212244,0.1812,12.6672284179912,2.29530178934,2.64987391178,27.22135707
"FL","ngcc_X3","existing","ngcc","no",2020,0.055897,2.21347005126112,0.123726335455343,0.0404,32.4709857594629,1.3118278246823,1.43555416013764,27.22135707
"FL","ngtb_X1","existing","ngtb","no",2020,4.338977305,4.78080697166495,20.74381294964,5.3102,11.0474590682347,58.66421714414,79.40803009378,27.22135707
"FL","ngtb_X2","existing","ngtb","no",2020,0.787502992,4.79956270622215,3.77966999144156,1.5083,11.5734286123974,17.456202376079,21.2358723675206,27.22135707
"FL","ngtb_X3","existing","ngtb","no",2020,0.815970864,4.69867487526426,3.83398179762447,3.8019,16.1234600911526,61.299782920553,65.1337647181775,27.22135707
"FL","nuc_X","existing","nuc","yes",2020,29.108066,2.55696031436785,74.42816959,3.7972,131.239238517855,498.3416365,572.76980609,27.22135707
"FL","oth_X","existing","oth","no",2020,0.363599166004,3.2269655901441,1.1733219973,0.1074,52.4323002402235,5.6312290458,6.8045510431,27.22135707
"FL","slr_X","existing","slr","yes",2020,3.84989304,0.0336539879559875,0.129564254,3.0112,36.4327190453905,109.70620358948,109.83576784348,27.22135707
"GA","bio_X","existing","bio","yes",2020,5.08447010402,5.43901606469181,27.65451457621,1.1677,256.091030349114,299.03749613866,326.69201071487,27.22135707
"GA","col_X1","existing","col","no",2020,11.772116360971,10.0138868692081,117.884641449917,4.4402,82.1187600460163,364.623718356322,482.508359806239,27.22135707
"GA","col_X2","existing","col","no",2020,15.9521231077,10.0356452368228,160.089848283,6.2825,56.9527854887704,357.8058748332,517.8957231162,27.22135707
"GA","col_X3","existing","col","no",2020,0.1784338770001,0.916346941418015,0.1635073374344,0.0723,173.734113846888,12.56097643113,12.7244837685644,27.22135707
"GA","hyd_X","existing","hyd","yes",2020,3.95622398,0,0,1.9618,92.68696005314,181.83327823225,181.83327823225,27.22135707
"GA","msw_X","existing","msw","no",2020,0.093007975,0.0558021664023972,0.0051900464977,0.1172,1.07599178447099,0.12610623714,0.1312962836377,27.22135707
"GA","ngcc_X1","existing","ngcc","no",2020,51.4412470049,2.2852642680105,117.5568436822,8.6258,12.7663537575067,110.120014241501,227.676857923701,27.22135707
"GA","ngtb_X1","existing","ngtb","no",2020,1.521501524,4.78574756496014,7.28152221356614,3.5984,11.0990368006169,39.93877402334,47.2202962369061,27.22135707
"GA","ngtb_X2","existing","ngtb","no",2020,3.002747003,4.78853613540941,14.3787625293578,4.6356,11.0662614246505,51.29876146011,65.6775239894678,27.22135707
"GA","ngtb_X3","existing","ngtb","no",2020,0.432622,4.79331927123445,2.07369536975999,2.3328,18.6776606049983,43.57124665934,45.6449420291,27.22135707
"GA","nuc_X","existing","nuc","yes",2020,33.591181,2.55696031437537,85.89131673,4.278,131.239238522674,561.4414624,647.33277913,27.22135707
"GA","oth_X","existing","oth","no",2020,0.007361561,3.24775850352935,0.023908572337,0.2171,13.0314027070474,2.8291175277,2.853026100037,27.22135707
"GA","slr_X","existing","slr","yes",2020,2.16077,0,0,1.5241,20.6915296001312,31.53596026356,31.53596026356,27.22135707
"GA","stog_X1","existing","stog","no",2020,0.041931,0,0,0.328,0,0,0,27.22135707
"GA","stog_X2","existing","stog","no",2020,-0.64062,0,0,1.3066,0,0,0,27.22135707
"IA","bio_X","existing","bio","yes",2020,0.09221721700696,11.2159910447779,1.0343074801244,0.3098,148.648777453777,46.05139125518,47.0856987353044,29.34733352
"IA","col_X1","existing","col","no",2020,10.5857363490023,9.63677116280783,102.012318785152,2.5347,86.8690887558496,220.187079269452,322.199398054604,29.34733352
"IA","col_X2","existing","col","no",2020,11.532990914,10.4884279485228,120.962944232458,3.3882,108.692303577248,368.27126298043,489.234207212888,29.34733352
"IA","col_X3","existing","col","no",2020,0.562837876022,9.83985776664591,5.53824464573756,0.4723,73.4801603576964,34.70467973694,40.2429243826776,29.34733352
"IA","hyd_X","existing","hyd","yes",2020,0.796268,0,0,0.1292,92.6869600178019,11.9751552343,11.9751552343,27.2588695270151
"IA","ngcc_X1","existing","ngcc","no",2020,6.885583,2.21329416624562,15.2398206851,1.925,12.6672284193766,24.3844147073,39.6242353924,29.34733352
"IA","ngcc_X3","existing","ngcc","no",2020,0.006753,2.19138638856804,0.014798432282,0.0848,19.0736109752359,1.6174422107,1.632240642982,29.34733352
"IA","ngtb_X1","existing","ngtb","no",2020,0.501970042,4.75192768240815,2.38532533831938,0.8568,13.6330742012779,11.6808179756549,14.0661433139743,29.34733352
"IA","ngtb_X2","existing","ngtb","no",2020,0.10419526,5.14149638630084,0.535719552759676,0.57,17.0231737351439,9.703209029032,10.2389285817917,29.34733352
"IA","ngtb_X3","existing","ngtb","no",2020,0.02496308,4.74539664970965,0.118459716198434,1.0448,13.8546335835758,14.47532116812,14.5937808843184,29.34733352
"IA","nuc_X","existing","nuc","yes",2020,5.235716,2.5569603145014,13.38751803,0.6795,131.239238513613,89.17706257,102.5645806,29.34733352
"IA","oth_X","existing","oth","no",2020,-9.4e-05,0,0,0.0011,0,0,0,29.34733352
"IA","slr_X","existing","slr","yes",2020,0.015436,0,0,0.0138,20.6915296,0.28554310848,0.28554310848,29.34733352
"IA","wnd_X","existing","wnd","yes",2020,25.328971,0,0,9.9063,47.653811015585,472.07294806369,472.07294806369,29.34733352
"ID","bio_X","existing","bio","yes",2020,0.40446766203,5.26274132180713,2.1286086783,0.1262,259.809601893819,32.787971759,34.9165804373,0
"ID","col_X1","existing","col","no",2020,0.222601080001,3.24567118477931,0.72248991106,0.1481,51.0188286596894,7.5558885245,8.27837843556,0
"ID","geo_X","existing","geo","yes",2020,0.095614,0,0,0.018,200.140783666667,3.602534106,3.602534106,0
"ID","hyd_X","existing","hyd","yes",2020,10.32689317,0,0,2.6847,92.6869600494096,248.83668164465,248.83668164465,0
"ID","ngcc_X1","existing","ngcc","no",2020,3.302793,2.25765034351229,7.456551751,0.62,12.6826292999677,7.86323016598,15.31978191698,0
"ID","ngtb_X1","existing","ngtb","no",2020,0.748122,4.79065337360751,3.58399318317,0.4671,11.0474590670092,5.1602681302,8.74426131337,0
"ID","ngtb_X2","existing","ngtb","no",2020,0.176213,4.7919236354866,0.84439923958,0.1714,11.3549182753792,1.9462329924,2.79063223198,0
"ID","slr_X","existing","slr","yes",2020,0.556839,0,0,0.242,20.6915296,5.0073501632,5.0073501632,0
"ID","wnd_X","existing","wnd","yes",2020,2.550811,0,0,0.9744,47.6538110119048,46.43387345,46.43387345,0
"IL","col_X1","existing","col","no",2020,13.6364172570089,13.152045866278,179.346785215886,2.2623,72.9926113414733,165.131184637815,344.477969853701,27.2474652784253
"IL","col_X2","existing","col","no",2020,33.169452953696,8.21489306154308,272.483508924497,9.4699,58.9923718928964,558.65186258854,831.135371513037,28.6369110971495
"IL","col_X3","existing","col","no",2020,3.8109090291003,4.40698546122287,16.794620685288,1.8138,44.6445069832396,80.9762067662,97.770827451488,31.529687573539
"IL","hyd_X","existing","hyd","yes",2020,0.123811,0,0,0.0383,92.6869600600522,3.5499105703,3.5499105703,32.5900620583377
"IL","msw_X","existing","msw","no",2020,0.002439847,9.08839039988983,0.022174282052,0.335,2.4485712000597,0.82027135202,0.842445634072,27.22135707
"IL","ngcc_X1","existing","ngcc","no",2020,15.33392099999,2.25443336864475,34.56930317454,3.5935,12.7153858910867,45.69273919962,80.26204237416,33.1625216587863
"IL","ngtb_X1","existing","ngtb","no",2020,2.04030868,4.79141911979367,9.77597401963298,3.4718,11.3685941841561,39.469485288553,49.245459308186,32.1154558176031
"IL","ngtb_X2","existing","ngtb","no",2020,2.284272002,4.80231159319605,10.9697859172177,6.5205,11.6074027334638,75.686069523551,86.6558554407687,33.7258166835656
"IL","ngtb_X3","existing","ngtb","no",2020,0.3983234,4.79018723965734,1.90804366793693,3.8887,12.0548228211047,46.87758950443,48.7856331723669,33.8009248065482
"IL","nuc_X","existing","nuc","yes",2020,98.735488,2.55696031430968,252.46272443,12.4151,131.239238499891,1629.3482699,1881.81099433,33.6504621009427
"IL","oth_X","existing","oth","no",2020,0.23625212,3.43419665186497,0.8113362395,0.2107,0,0,0.8113362395,26.9162252057565
"IL","slr_X","existing","slr","yes",2020,0.061788,0,0,0.0425,20.6915296,0.879390008,0.879390008,33.1281417922763
"IL","wnd_X","existing","wnd","yes",2020,14.45959701,0,0,5.2279,47.6538110143044,249.129358601682,249.129358601682,32.1403169362594
"IN","col_X1","existing","col","no",2020,3.7931930100083,3.24776538681632,12.3194009634186,0.871,112.488803169843,97.9777475609333,110.297148524352,34.24542896
"IN","col_X2","existing","col","no",2020,60.506856854206,10.9513133699299,662.6295504399,16.542,91.1733735723189,1508.1899456333,2170.8194960732,34.24542896
"IN","col_X3","existing","col","no",2020,0.95292054004,3.97591228914109,3.78872848572,1.0643,83.4409670708447,88.8062212535,92.59494973922,34.24542896
"IN","hyd_X","existing","hyd","yes",2020,0.255983,0,0,0.0964,92.686960060166,8.9350229498,8.9350229498,34.24542896
"IN","msw_X","existing","msw","no",2020,0.043383327,0,0,0.0065,0,0,0,34.24542896
"IN","ngcc_X1","existing","ngcc","no",2020,27.52457991,2.2565799908152,62.1114162805,4.8397,12.693689276106,61.43364798957,123.54506427007,34.24542896
"IN","ngtb_X1","existing","ngtb","no",2020,0.87036552,4.78971570156594,4.1688033972456,0.7881,10.7671022836556,8.485553309749,12.6543567069946,34.24542896
"IN","ngtb_X2","existing","ngtb","no",2020,1.369172397,4.78953572076775,6.5577001033207,1.4987,11.105995763872,16.644555851315,23.2022559546357,34.24542896
"IN","ngtb_X3","existing","ngtb","no",2020,0.272695,4.78580662477211,1.30506553754223,2.0094,12.4355786337116,24.98805170658,26.2931172441222,34.24542896
"IN","oth_X","existing","oth","no",2020,-1.3e-05,0,0,0.001,0,0,0,34.24542896
"IN","slr_X","existing","slr","yes",2020,0.3226008,0,0,0.2435,20.6915295999179,5.03838745758,5.03838745758,34.182418899033
"IN","wnd_X","existing","wnd","yes",2020,6.21603,0,0,2.3078,47.6538110148193,109.97546506,109.97546506,34.24542896
"KS","col_X1","existing","col","no",2020,0.02349971,3.21158773831677,0.07547138049,0.007,42.9796243942857,0.30085737076,0.37632875125,29.34733352
"KS","col_X2","existing","col","no",2020,17.4145679923,9.69357039747644,168.809340775,4.8856,56.4398738668741,275.742647764,444.551988539,29.34733352
"KS","col_X3","existing","col","no",2020,0.11113752,3.21158773780988,0.3569278964426,0.4807,70.4754313386104,33.87753984447,34.2344677409126,29.34733352
"KS","hyd_X","existing","hyd","yes",2020,0.020473,0,0,0.007,92.6869600571429,0.6488087204,0.6488087204,29.34733352
"KS","ngcc_X1","existing","ngcc","no",2020,1.1719,2.21329416588446,2.593759433,0.2676,12.6672284192825,3.389750325,5.983509758,29.34733352
"KS","ngtb_X1","existing","ngtb","no",2020,1.272709962,4.79103350873584,6.09759607484392,1.6778,12.8796185524157,21.6094240072431,27.707020082087,29.34733352
"KS","ngtb_X2","existing","ngtb","no",2020,0.24172992,5.04636770879297,1.21985806253711,0.379,19.5665001947722,7.41570357381868,8.63556163635579,29.34733352
"KS","ngtb_X3","existing","ngtb","no",2020,0.24937786,4.78290224037924,1.19274992529498,1.8233,17.1695891316728,31.305311863779,32.498061789074,29.34733352
"KS","nuc_X","existing","nuc","yes",2020,9.247734,2.55696031481874,23.64608884,1.2677,131.239238542242,166.3719827,190.01807154,29.34733352
"KS","slr_X","existing","slr","yes",2020,0.011323,0,0,0.01,20.6915296,0.206915296,0.206915296,29.34733352
"KS","wnd_X","existing","wnd","yes",2020,21.12353874,0,0,6.15,47.653811016065,293.0709377488,293.0709377488,29.1114371280766
"KY","bio_X","existing","bio","yes",2020,0.27611447305,5.28390428511078,1.45896244733,0.093,265.958558732258,24.7341459621,26.19310840943,27.22135707
"KY","col_X1","existing","col","no",2020,12.082389496001,16.2628012568198,196.493499080951,2.9188,107.132336921132,312.6978650054,509.191364086351,27.8392682762163
"KY","col_X2","existing","col","no",2020,39.89714699798,13.9610497771924,557.006055206762,9.8793,60.9037711694553,601.6866265144,1158.69268172116,27.7786575537433
"KY","col_X3","existing","col","no",2020,0.969397998978,18.2036464946638,17.64657848603,0.464,65.176483081681,30.2418881499,47.88846663593,27.22135707
"KY","hyd_X","existing","hyd","yes",2020,4.231542,0,0,1.0973,92.6869600520368,101.7054012651,101.7054012651,27.22135707
"KY","ngcc_X1","existing","ngcc","no",2020,11.611007,2.21329416613047,25.698574056,1.967,12.6672284194204,24.916438301,50.615012357,27.22135707
"KY","ngtb_X1","existing","ngtb","no",2020,0.2125228,4.79192363360543,1.018393028,0.0267,11.0474590674157,0.2949671571,1.3133601851,27.22135707
"KY","ngtb_X2","existing","ngtb","no",2020,2.443790001,4.7863955414592,11.696945565049,6.1233,11.1214528024546,68.09999194527,79.796937510319,28.3207245311824
"KY","ngtb_X3","existing","ngtb","no",2020,0.035344,4.79192363468651,0.16936574894436,0.1074,16.1872603814711,1.73851176497,1.90787751391436,27.22135707
"KY","slr_X","existing","slr","yes",2020,0.044999,0,0,0.0263,20.6915296,0.54418722848,0.54418722848,27.22135707
"LA","bio_X","existing","bio","yes",2020,2.226068758036,5.27581083211091,11.74431766667,0.5488,265.426341972668,145.6659764746,157.41029414127,27.5462618296713
"LA","col_X1","existing","col","no",2020,8.5966028699794,3.22366692079848,27.7125843031939,2.7626,62.4417412029997,172.501554247407,200.214138550601,27.2372672699079
"LA","col_X2","existing","col","no",2020,12.696530543056,6.10539572813503,77.51734333971,6.1346,138.612675036987,850.3333162819,927.85065962161,27.2343952110666
"LA","col_X3","existing","col","no",2020,4.678674423002,6.60531234798485,30.904105938456,2.6494,145.059030347966,384.3193950039,415.223500942356,27.2491734475884
"LA","hyd_X","existing","hyd","yes",2020,1.365664,0,0,0.192,92.6869600520833,17.79589633,17.79589633,27.22135707
"LA","msw_X","existing","msw","no",2020,0.020416461002,0.0551479999932262,0.0011259269912,0.11,0.992664,0.10919304,0.1103189669912,27.22135707
"LA","ngcc_X1","existing","ngcc","no",2020,45.8553014505708,2.24057454824252,102.742221332137,9.4187,15.0685865338295,141.92649598618,244.668717318317,27.3386337464376
"LA","ngtb_X1","existing","ngtb","no",2020,9.541002754,4.7563259493741,45.3801189819,1.6664,13.6985032211474,22.82718576772,68.20730474962,27.22135707
"LA","ngtb_X2","existing","ngtb","no",2020,0.2922286,4.79192363550316,1.40033713531,1.1547,11.1296079491643,12.8513582989,14.25169543421,27.22135707
"LA","ngtb_X3","existing","ngtb","no",2020,0.04016409,4.79192363534192,0.192463252163,0.5844,11.0474590677447,6.45613507919,6.648598331353,27.22135707
"LA","nuc_X","existing","nuc","yes",2020,13.981335,2.55696031387561,35.74971873,2.2357,131.239238538265,293.4115656,329.16128433,27.22135707
"LA","oth_X","existing","oth","no",2020,0.173582,3.21158773778387,0.5574738227,0.162,42.9796243888889,6.962699151,7.5201729737,27.22135707
"LA","slr_X","existing","slr","yes",2020,0.001506,0,0,0.0011,20.6915296,0.02276068256,0.02276068256,27.22135707
"MA","bio_X","existing","bio","yes",2020,0.092095761,5.28773907094378,0.486978353708,0.0274,136.362649270073,3.73633659,4.223314943708,37.63620393
"MA","col_X1","existing","col","no",2020,0.249553549997,3.20725586217516,0.8003820861545,0.0991,62.4004202903128,6.18388165077,6.9842637369245,37.63620393
"MA","col_X2","existing","col","no",2020,0.025233,3.36600213791464,0.084934331946,0.6233,131.939753579336,82.238048406,82.322982737946,37.63620393
"MA","col_X3","existing","col","no",2020,0.06093856699523,4.18819749628306,0.2552227537165,1.4708,180.851121913542,265.995830110437,266.251052864154,37.63620393
"MA","hyd_X","existing","hyd","yes",2020,0.97556034,0,0,0.2701,92.686960055535,25.034747911,25.034747911,37.63620393
"MA","msw_X","existing","msw","no",2020,1.65827466901,3.90840962201354,6.4812166723,0.2955,17.1733856426058,5.07473545739,11.55595212969,37.63620393
"MA","ngcc_X1","existing","ngcc","no",2020,14.292783037076,2.25784336653108,32.27086536953,7.2916,12.8310449299207,93.55884721101,125.82971258054,37.63620393
"MA","ngcc_X2","existing","ngcc","no",2020,0.033353,2.17759925044224,0.0726294678,0.118,19.2312301042373,2.2692851523,2.3419146201,37.63620393
"MA","ngcc_X3","existing","ngcc","no",2020,0.003949,2.21329416619397,0.0087402986623,0.101,19.073610980198,1.926434709,1.9351750076623,37.63620393
"MA","ngtb_X1","existing","ngtb","no",2020,0.883374718,4.73781739580463,4.18526810595441,1.086,17.8867453286372,19.4250054269,23.6102735328544,37.63620393
"MA","ngtb_X2","existing","ngtb","no",2020,0.097302,4.83673158403424,0.4706236565897,0.1309,20.5925008298701,2.69555835863,3.1661820152197,37.63620393
"MA","ngtb_X3","existing","ngtb","no",2020,0.029052,4.79192363540961,0.13921496545592,0.4844,13.5653868472956,6.57107338883,6.71028835428592,37.63620393
"MA","oth_X","existing","oth","no",2020,-0.001252,0,0,0.0195,0,0,0,37.63620393
"MA","slr_X","existing","slr","yes",2020,1.16135984,0,0,0.8402,20.6915296,17.38502316992,17.38502316992,37.5049665924962
"MA","stog_X2","existing","stog","no",2020,-0.436378,0,0,1.768,0,0,0,37.63620393
"MA","wnd_X","existing","wnd","yes",2020,0.21081692,0,0,0.1036,47.6538110169884,4.93693482136,4.93693482136,37.63620393
"MD","bio_X","existing","bio","yes",2020,0.060216616,5.20338498231119,0.31333023538,0.0038,135.638077026316,0.5154246927,0.82875492808,34.24542896
"MD","col_X1","existing","col","no",2020,1.7140437399892,9.03114049532805,15.47976983098,0.3819,44.3933537496727,16.953821797,32.43359162798,34.24542896
"MD","col_X2","existing","col","no",2020,1.7363780001,7.9903385472151,13.8742480667353,1.414,67.571869039604,95.546622822,109.420870888735,34.24542896
"MD","col_X3","existing","col","no",2020,2.984422647109,15.8640426022762,47.345008016935,5.1145,131.630337357669,673.2233604158,720.568368432735,34.24542896
"MD","hyd_X","existing","hyd","yes",2020,2.188051,0,0,0.5508,92.6869600599128,51.051977601,51.051977601,34.24542896
"MD","msw_X","existing","msw","no",2020,0.59582237,2.7193130598638,1.6202275521,0.1323,3.06690269916856,0.4057512271,2.0259787792,34.24542896
"MD","ngcc_X1","existing","ngcc","no",2020,12.9139449984,2.25578590550055,29.1310951118,2.979,12.7042270590802,37.845892409,66.9769875208,34.24542896
"MD","ngcc_X2","existing","ngcc","no",2020,0.0445162100003,2.20811490507497,0.09829690681911,0.0245,12.6672284176327,0.310347096232,0.40864400305111,34.24542896
"MD","ngtb_X1","existing","ngtb","no",2020,0.369965996,4.78835754674276,1.7715294689848,1.3064,15.3041374521892,19.99332516754,21.7648546365248,34.24542896
"MD","ngtb_X2","existing","ngtb","no",2020,0.401220242,4.79855665147647,1.9252780609561,0.5071,11.9218909569197,6.045590904254,7.9708689652101,34.24542896
"MD","ngtb_X3","existing","ngtb","no",2020,0.29178,4.79730137013915,1.3997565937792,1.3669,18.6617589661643,25.50875833085,26.9085149246292,34.24542896
"MD","nuc_X","existing","nuc","yes",2020,15.012922,2.55696031458766,38.38744576,1.8504,131.239238488975,242.8450869,281.23253266,34.24542896
"MD","oth_X","existing","oth","no",2020,0.000825,0,0,0.013,0,0,0,34.24542896
"MD","slr_X","existing","slr","yes",2020,0.49431148,0,0,0.3225,20.691529600186,6.67301829606,6.67301829606,34.213084205928
"MD","wnd_X","existing","wnd","yes",2020,0.520269,0,0,0.19,47.6538110168421,9.0542240932,9.0542240932,34.24542896
"ME","bio_X","existing","bio","yes",2020,2.127766417,5.59041153334831,11.895089917868,0.5508,251.618344205701,138.5913839885,150.486473906368,37.63620393
"ME","col_X1","existing","col","no",2020,0.201350724999975,4.67840205311512,0.941999645236101,0.402,137.277938091609,55.185731112827,56.1277307580631,37.63620393
"ME","col_X2","existing","col","no",2020,0,0,0,0.0125,0,0,0,NA
"ME","col_X3","existing","col","no",2020,0.0113066929996,3.39673342108596,0.0384058219937,0.8896,64.9532600882419,57.7824201745,57.8208259964937,37.63620393
"ME","hyd_X","existing","hyd","yes",2020,3.499341,0,0,0.7022,92.6869600568926,65.08478335195,65.08478335195,37.63620393
"ME","msw_X","existing","msw","no",2020,0.32441994,1.85204154084055,0.600839205557,0.2533,6.87347779379787,1.741051925169,2.341891130726,37.63620393
"ME","ngcc_X1","existing","ngcc","no",2020,1.293447,2.21329416618539,2.86277869937,1.3886,12.6672284192712,17.589713383,20.45249208237,37.63620393
"ME","ngtb_X1","existing","ngtb","no",2020,0.417781999,4.76051788640204,1.9888586788563,0.1725,11.0474590702609,1.90568668962,3.8945453684763,37.63620393
"ME","ngtb_X2","existing","ngtb","no",2020,0.007647,4.79192363567412,0.036643840042,0.1901,21.9031421510784,4.16378732292,4.200431162962,37.63620393
"ME","ngtb_X3","existing","ngtb","no",2020,0.001456,4.7919236353022,0.006977040813,0.035,16.6346519971429,0.5822128199,0.589189860713,37.63620393
"ME","oth_X","existing","oth","no",2020,0.105063236,3.49737142362529,0.36744515926,0.2484,20.4718021719002,5.0851956595,5.45264081876,37.63620393
"ME","slr_X","existing","slr","yes",2020,0.00705,0,0,0.0056,20.6915296,0.11587256576,0.11587256576,37.63620393
"ME","wnd_X","existing","wnd","yes",2020,2.493932,0,0,0.9246,47.6538110163314,44.0607136657,44.0607136657,37.63620393
"MI","bio_X","existing","bio","yes",2020,1.409351311,5.28212641883298,7.44437179325,0.4574,190.920208340621,87.326903295,94.77127508825,33.2271966619665
"MI","col_X1","existing","col","no",2020,2.342145822093,3.39238702153171,7.945465089403,0.5344,120.182556358028,64.22555811773,72.171023207133,33.8761685788956
"MI","col_X2","existing","col","no",2020,38.4258961497893,8.00197091196638,307.482903256855,11.2482,93.8267106950712,1055.3816072403,1362.86451049716,34.24542896
"MI","col_X3","existing","col","no",2020,1.2066152330198,4.86488173849424,5.870040412507,0.6604,176.86990462553,116.8048850147,122.674925427207,34.24542896
"MI","hyd_X","existing","hyd","yes",2020,1.649789,0,0,0.3568,92.6869600557455,33.07070734789,33.07070734789,33.2561602805679
"MI","msw_X","existing","msw","no",2020,0.218216575,1.0148450209197,0.2214560046209,0.3079,1.2457707026632,0.38357279935,0.6050288039709,33.783604147808
"MI","ngcc_X1","existing","ngcc","no",2020,24.980083200022,2.27399652848154,56.80462247803,4.7384,12.8914033551127,61.084625657866,117.889248135896,34.24542896
"MI","ngcc_X3","existing","ngcc","no",2020,0.132042999998,2.21329416602491,0.29225000156,0.0303,12.6672284191419,0.3838170211,0.67606702266,34.24542896
"MI","ngtb_X1","existing","ngtb","no",2020,5.241120139,4.7901825290509,25.1059221224946,1.0102,11.6608246079895,11.779765018991,36.8856871414856,34.24542896
"MI","ngtb_X2","existing","ngtb","no",2020,2.120809,4.79956519373549,10.178961058961,2.8237,11.552749599444,32.62149904395,42.800460102911,34.2458700823401
"MI","ngtb_X3","existing","ngtb","no",2020,0.79205478,4.79392013317902,3.79704735642268,1.5545,14.0664896261435,21.86635812384,25.6634054802627,34.24542896
"MI","nuc_X","existing","nuc","yes",2020,32.909275,2.55696031437946,84.14771015,4.3141,131.239238520201,566.1791989,650.32690905,34.24542896
"MI","oth_X","existing","oth","no",2020,0.001911297,3.33009206716695,0.0063647949777,0.1707,1.23992620912712,0.211655403898,0.2180201988757,30.1199975640739
"MI","slr_X","existing","slr","yes",2020,0.142961,0,0,0.1031,20.6915296,2.13329670176,2.13329670176,34.24542896
"MI","stog_X2","existing","stog","no",2020,-0.696488,0,0,1.9788,0,0,0,34.24542896
"MI","wnd_X","existing","wnd","yes",2020,5.81344,0,0,2.1391,47.6538110132439,101.93626713843,101.93626713843,34.24542896
"MN","bio_X","existing","bio","yes",2020,0.879630533004,5.26741042864392,4.63337504289888,0.3589,199.10696074394,71.459488211,76.0928632538989,29.34733352
"MN","col_X1","existing","col","no",2020,0.2651978590074,3.23267548187611,0.85729861665926,0.4011,84.1555673613064,33.75479806862,34.6120966852793,29.34733352
"MN","col_X2","existing","col","no",2020,17.80276964504,9.44877375255798,168.21434254489,4.3023,57.5935986100923,247.7849393002,415.99928184509,29.34733352
"MN","col_X3","existing","col","no",2020,0.057505489004,3.48478935929196,0.20039451618202,0.2437,84.0549581871153,20.4841933102,20.684587826382,29.34733352
"MN","hyd_X","existing","hyd","yes",2020,1.05603421,0,0,0.2153,92.6869600575012,19.95550250038,19.95550250038,29.34733352
"MN","msw_X","existing","msw","no",2020,0.466712468,0.942969809088109,0.440095766849,0.0971,2.24806193192585,0.21828681359,0.658382580439,29.34733352
"MN","ngcc_X1","existing","ngcc","no",2020,11.3916899978,2.25048025765554,25.636773441381,2.9732,12.8993447349034,38.3523317658149,63.9891052071959,29.34733352
"MN","ngtb_X1","existing","ngtb","no",2020,0.661136885,4.76968233465472,3.15341292117315,1.3038,12.2097439405981,15.9190641497518,19.072477070925,29.34733352
"MN","ngtb_X2","existing","ngtb","no",2020,0.405661005,4.74457102839333,1.92468745167192,1.9915,14.9756466105549,29.82400022492,31.7486876765919,29.34733352
"MN","ngtb_X3","existing","ngtb","no",2020,0.008379,4.7919236358933,0.04015152814515,0.6775,25.2549606241033,17.11023582283,17.1503873509751,29.34733352
"MN","nuc_X","existing","nuc","yes",2020,14.104547,2.5569603142873,36.06476693,1.8712,131.239238499359,245.57486308,281.63963001,29.34733352
"MN","oth_X","existing","oth","no",2020,0.066423482,3.30270597215906,0.219377230693,0.1851,12.3663853949217,2.2890179366,2.508395167293,29.34733352
"MN","slr_X","existing","slr","yes",2020,1.248467,0,0,0.8868,20.6915295998196,18.34924844912,18.34924844912,29.34733352
"MN","wnd_X","existing","wnd","yes",2020,10.9648686,0,0,3.8571,47.6538110157113,183.8055144687,183.8055144687,29.34733352
"MO","bio_X","existing","bio","yes",2020,0.043907651,5.2665798268279,0.231243149,0.0533,136.630741013133,7.282418496,7.513661645,27.22135707
"MO","col_X1","existing","col","no",2020,30.9460742440015,7.28572492452958,225.464584435865,5.3805,48.54900745734,261.217934624218,486.682519060082,27.8124572093328
"MO","col_X2","existing","col","no",2020,23.4205699796,8.32006891132451,194.86075617277,5.1782,61.3183659393226,317.518762507,512.37951867977,27.7197404533775
"MO","col_X3","existing","col","no",2020,0.55020600403031,5.8189044123732,3.2015961445662,1.2235,67.5512968658276,82.64901171534,85.8506078599062,27.3402937603101
"MO","hyd_X","existing","hyd","yes",2020,2.215998,0,0,0.506,92.6869600498024,46.8996017852,46.8996017852,28.1246676263552
"MO","ngcc_X1","existing","ngcc","no",2020,6.151564999999,2.26266719371936,13.91894431553,2.0325,13.0395294443149,26.50284359557,40.4217879111,28.9942641090509
"MO","ngtb_X1","existing","ngtb","no",2020,0.363454,4.79192363556388,1.74164381304024,0.3866,15.8293954286749,6.11964427272573,7.86128808576596,27.3472998273914
"MO","ngtb_X2","existing","ngtb","no",2020,0.581702002,4.78617884986561,2.78412981889688,2.7931,11.9521273658981,33.38348694569,36.1676167645869,28.3386841596658
"MO","ngtb_X3","existing","ngtb","no",2020,0.465013004,4.78701069106198,2.22602222163085,2.2459,17.5197450934938,39.3475955054777,41.5736177271086,29.0961598556468
"MO","nuc_X","existing","nuc","yes",2020,9.189863,2.55696031485997,23.49811499,1.2358,131.239238469008,162.1854509,185.68356589,27.22135707
"MO","oth_X","existing","oth","no",2020,8.9e-05,0,0,0.0012,0,0,0,29.34733352
"MO","slr_X","existing","slr","yes",2020,0.099782,0,0,0.0621,20.6915295987118,1.28494398808,1.28494398808,27.9955822031914
"MO","stog_X1","existing","stog","no",2020,0.356355,0,0,0.1924,0,0,0,28.7739990956257
"MO","stog_X2","existing","stog","no",2020,-0.019611,0,0,0.408,0,0,0,27.22135707
"MO","wnd_X","existing","wnd","yes",2020,2.8578903,0,0,0.9594,47.6538110101105,45.7190662831,45.7190662831,28.5832224524493
"MS","bio_X","existing","bio","yes",2020,1.382463786,5.27379866038675,7.29083566264,0.311,295.469705196141,91.891078316,99.18191397864,27.22135707
"MS","col_X1","existing","col","no",2020,0.2661829369829,3.24423411237091,0.863559764291,0.311,79.4557977234727,24.710753092,25.574312856291,27.22135707
"MS","col_X2","existing","col","no",2020,8.5219929761,7.25377902980621,61.81665394219,3.0321,113.734401690231,344.85407936495,406.67073330714,27.22135707
"MS","col_X3","existing","col","no",2020,0.633218,2.80211006918628,1.77434653379,0.8404,65.2047416111375,54.79806485,56.57241138379,27.22135707
"MS","ngcc_X1","existing","ngcc","no",2020,41.7794,2.27856155756904,95.1969347383,8.7089,13.0166702263856,113.360879334569,208.557814072869,27.22135707
"MS","ngcc_X2","existing","ngcc","no",2020,0.000155,2.21329416587097,0.00034306059571,0.0492,20.6877785203252,1.0178387032,1.01818176379571,27.22135707
"MS","ngcc_X3","existing","ngcc","no",2020,0.000437,2.21329416613272,0.0009672095506,0.0165,24.7522524,0.4084121646,0.4093793741506,27.22135707
"MS","ngtb_X1","existing","ngtb","no",2020,0.403883,4.79192363570638,1.93537649376,0.1724,11.0474590703596,1.90458194373,3.83995843749,27.22135707
"MS","ngtb_X2","existing","ngtb","no",2020,1.234882,4.79192363569961,5.9174602431,0.5947,11.047459067244,6.56992390729,12.48738415039,27.22135707
"MS","ngtb_X3","existing","ngtb","no",2020,0.381291,4.79192363623474,1.82711735518358,0.7712,11.6545736514653,8.98800720001,10.8151245551936,27.22135707
"MS","nuc_X","existing","nuc","yes",2020,11.032514,2.55696031475691,28.20970047,1.44,131.239238472222,188.9845034,217.19420387,27.22135707
"MS","slr_X","existing","slr","yes",2020,0.32234,0,0,0.2181,20.691529598166,4.51282260536,4.51282260536,27.22135707
"MT","bio_X","existing","bio","yes",2020,0.02014,5.21143182720953,0.104958237,0.0028,135.638077,0.3797866156,0.4847448526,22.75531441
"MT","col_X1","existing","col","no",2020,0.0071620000001,3.21158773787753,0.023001391379,0.004,121.2093735025,0.48483749401,0.507838885389,29.34733352
"MT","col_X2","existing","col","no",2020,13.87251267,10.0990168461385,140.0987391526,2.4329,57.8132805847302,140.65393033459,280.75266948719,22.75531441
"MT","col_X3","existing","col","no",2020,0.699679991,5.82080900224,4.0727035903,0.2118,61.6815101935788,13.064143859,17.1368474493,25.2186161253925
"MT","hyd_X","existing","hyd","yes",2020,10.004523,0,0,2.7009,92.686960052501,250.3382104058,250.3382104058,22.75531441
"MT","ngtb_X1","existing","ngtb","no",2020,0.443516,4.79192363567492,2.1252948032,0.1149,11.0474590670148,1.2693530468,3.39464785,27.0233999077669
"MT","ngtb_X2","existing","ngtb","no",2020,0.343079004,4.7739054879616,1.63782674,0.2941,11.0474590683441,3.249057712,4.886884452,24.9906471416995
"MT","ngtb_X3","existing","ngtb","no",2020,0.003717,4.7919236354587,0.017811580153,0.1256,19.4459775294586,2.4424147777,2.460226357853,29.34733352
"MT","slr_X","existing","slr","yes",2020,0.029393,0,0,0.017,20.6915296,0.3517560032,0.3517560032,22.75531441
"MT","wnd_X","existing","wnd","yes",2020,2.373356,0,0,0.8001,47.6538110142482,38.1278141925,38.1278141925,23.0190333929323
"NC","bio_X","existing","bio","yes",2020,1.99962371403,5.28192450300804,10.561861491931,0.5892,203.342641192974,119.8094841909,130.371345682831,27.22135707
"NC","col_X1","existing","col","no",2020,21.8749917601864,7.39223523901809,161.70508494288,6.658,88.7844469159662,591.126847566503,752.831932509383,27.22135707
"NC","col_X2","existing","col","no",2020,9.36761600304,8.03266388677554,75.2469107728,4.4698,62.5864925285248,279.749104304,354.9960150768,27.22135707
"NC","col_X3","existing","col","no",2020,1.087714905,7.77760406116803,8.459815862521,0.4821,79.0285091457996,38.09964425919,46.559460121711,27.22135707
"NC","hyd_X","existing","hyd","yes",2020,6.1547134,0,0,1.8876,91.2335091071996,172.21237179075,172.21237179075,27.22135707
"NC","msw_X","existing","msw","no",2020,0.32492162998,0.0859806705257499,0.027936979614,0.2025,1.19017062222222,0.241009551,0.268946530614,27.22135707
"NC","ngcc_X1","existing","ngcc","no",2020,34.74762401,2.24906911591003,78.149808012145,5.6333,12.801335745247,72.1137646537,150.263572665845,27.22135707
"NC","ngcc_X3","existing","ngcc","no",2020,0.007447999999998,3.09887452764584,0.0230804174819,0.2458,38.1472219518722,9.3765871557702,9.3996675732521,27.22135707
"NC","ngtb_X1","existing","ngtb","no",2020,2.170191757,4.75954433994553,10.3291238936258,1.9407,11.0702291175195,21.48399364837,31.8131175419958,27.22135707
"NC","ngtb_X2","existing","ngtb","no",2020,3.192344474,4.78329110156792,15.2699129156237,4.0273,13.9199756954039,56.0599181181,71.3298310337237,27.22135707
"NC","ngtb_X3","existing","ngtb","no",2020,0.153264,4.77804402148026,0.73230213890815,1.9488,11.8829289040471,23.157451848207,23.8897539871151,27.22135707
"NC","nuc_X","existing","nuc","yes",2020,41.915605,2.55696031442228,107.17653854,5.3947,131.239238511873,707.99632,815.17285854,27.22135707
"NC","oth_X","existing","oth","no",2020,0.058594,0,0,0.0115,0,0,0,27.22135707
"NC","slr_X","existing","slr","yes",2020,7.42681487,0,0,4.4989,20.6915295998978,93.08912251698,93.08912251698,27.2216199945537
"NC","wnd_X","existing","wnd","yes",2020,0.523139,0,0,0.208,47.6538110144231,9.911992691,9.911992691,27.22135707
"ND","bio_X","existing","bio","yes",2020,0.000185,5.21143182702703,0.000964114888,0.0098,135.638077040816,1.329253155,1.330217269888,29.34733352
"ND","col_X1","existing","col","no",2020,8.416182007,6.24480711663053,52.5574332921714,1.3211,163.890083928097,216.515189877409,269.07262316958,29.34733352
"ND","col_X2","existing","col","no",2020,16.4701518874,8.77894842277652,144.59061393478,2.8133,132.627836448338,373.12189228011,517.71250621489,29.34733352
"ND","col_X3","existing","col","no",2020,0.49838100205,8.83832162622861,4.40485158852,0.1225,63.4710780644898,7.7752070629,12.18005865142,29.34733352
"ND","hyd_X","existing","hyd","yes",2020,3.179292,0,0,0.5834,92.6869600445663,54.07357249,54.07357249,29.34733352
"ND","ngtb_X1","existing","ngtb","no",2020,1.368932,4.79192363522934,6.55981760582177,0.6016,11.047459066506,6.64615137441,13.2059689802318,29.34733352
"ND","ngtb_X3","existing","ngtb","no",2020,0.001175,4.79192363535489,0.005630510271542,0.1402,12.968305710271,1.81815646058,1.82378697085154,29.34733352
"ND","wnd_X","existing","wnd","yes",2020,11.21302461,0,0,3.5347,47.6538110148244,168.4419257941,168.4419257941,29.34733352
"NE","col_X1","existing","col","no",2020,0.026882,3.21158773789153,0.08633390157,0.0079,42.9796243924051,0.3395390327,0.42587293427,29.34733352
"NE","col_X2","existing","col","no",2020,17.8246610194,7.62166717264577,135.853633755099,3.6646,46.1561241999127,169.143732743,304.997366498099,29.34733352
"NE","col_X3","existing","col","no",2020,2.69124100601,7.62205891870829,20.512797512252,0.7493,100.19946125708,75.07945631993,95.592253832182,29.34733352
"NE","hyd_X","existing","hyd","yes",2020,1.340252,0,0,0.3297,92.6869600348802,30.5588907235,30.5588907235,29.34733352
"NE","ngcc_X1","existing","ngcc","no",2020,0.691187,2.26654802962151,1.56660853295,0.3963,12.6692811355085,5.020836114002,6.587444646952,29.34733352
"NE","ngtb_X1","existing","ngtb","no",2020,0.151074004,4.7878769508793,0.723323741628647,0.1736,20.6357578891705,3.58236756956,4.30569131118865,29.34733352
"NE","ngtb_X2","existing","ngtb","no",2020,0.255953,4.85930238477006,1.24375302328905,0.6088,15.2671374472125,9.294633277863,10.538386301152,29.34733352
"NE","ngtb_X3","existing","ngtb","no",2020,0.121967,4.68046028655187,0.570861699769872,1.0408,17.0065722432331,17.700440390757,18.2713020905269,29.34733352
"NE","nuc_X","existing","nuc","yes",2020,6.9516,2.55696031417228,17.77496532,0.801,131.239238451935,105.12263,122.89759532,29.34733352
"NE","slr_X","existing","slr","yes",2020,0.031706,0,0,0.0269,18.7685249910781,0.50487332226,0.50487332226,29.34733352
"NE","wnd_X","existing","wnd","yes",2020,7.2110924,0,0,2.1781,47.6538110151095,103.79476577201,103.79476577201,29.2411495288281
"NH","bio_X","existing","bio","yes",2020,1.08102095,5.61007134052305,6.0646046501,0.3274,137.058856597434,44.87306965,50.9376743001,37.63620393
"NH","col_X1","existing","col","no",2020,0.01264783,3.21158773797561,0.04061961574,0.007,42.9796243857143,0.3008573707,0.34147698644,37.63620393
"NH","col_X2","existing","col","no",2020,0.301284996,7.97133545608093,2.401643771,0.4592,79.6068859320557,36.55548202,38.957125791,37.63620393
"NH","col_X3","existing","col","no",2020,0.05545305,5.97152665428322,0.3311393661363,0.564,187.011846056915,105.4746811761,105.805820542236,37.63620393
"NH","hyd_X","existing","hyd","yes",2020,1.462043,0,0,0.5117,92.6869600651749,47.42791746535,47.42791746535,37.63620393
"NH","msw_X","existing","msw","no",2020,0.099344,2.22797920005234,0.22133636565,0.014,2.84563680028571,0.039838915204,0.261175280854,37.63620393
"NH","ngcc_X1","existing","ngcc","no",2020,3.5434039986,2.22155565651283,7.8718691964,1.3955,12.6734120028592,17.68574644999,25.55761564639,37.63620393
"NH","ngtb_X1","existing","ngtb","no",2020,0.096454,4.79192363542207,0.462200202331,0.0174,21.0790598294253,0.366775641032,0.828975843363,37.63620393
"NH","ngtb_X3","existing","ngtb","no",2020,0.034615,4.79192363640329,0.1658724366741,0.1042,17.0253860328215,1.77404522462,1.9399176612941,37.63620393
"NH","nuc_X","existing","nuc","yes",2020,10.906923,2.55696031410509,27.88856926,1.242,131.239238486312,162.9991342,190.88770346,37.63620393
"NH","wnd_X","existing","wnd","yes",2020,0.433405,0,0,0.2141,47.6538110158804,10.2026809385,10.2026809385,37.63620393
"NJ","col_X1","existing","col","no",2020,0.259288097009,3.28205234727528,0.85099710740893,0.0513,43.1501443974659,2.21360240759,3.06459951499893,34.24542896
"NJ","col_X2","existing","col","no",2020,0.564872004,8.10325557221278,4.577302214,0.285,55.5643979929825,15.835853428,20.413155642,34.24542896
"NJ","col_X3","existing","col","no",2020,0.482564966,8.57450007259748,4.137753336,0.2423,55.8511676021461,13.53273791,17.670491246,34.24542896
"NJ","hyd_X","existing","hyd","yes",2020,0.026468,0,0,0.0123,92.6869600813008,1.140049609,1.140049609,34.24542896
"NJ","msw_X","existing","msw","no",2020,1.03226402999,2.33316285239866,2.40844008864,0.1638,2.86449081704518,0.469203595832,2.877643684472,34.24542896
"NJ","ngcc_X1","existing","ngcc","no",2020,38.60848623927,2.27889751939843,87.9847835184008,8.9422,13.0460462851368,116.66035509095,204.645138609351,34.24542896
"NJ","ngcc_X2","existing","ngcc","no",2020,0.0165399999999,3.07800437715283,0.0509101923978,0.503,17.137686228827,8.6202561731,8.6711663654978,34.24542896
"NJ","ngtb_X1","existing","ngtb","no",2020,1.67494156,4.77741360223774,8.0018885916973,1.551,11.1884904599813,17.353348703431,25.3552372951283,34.24542896
"NJ","ngtb_X2","existing","ngtb","no",2020,0.441005,4.7920268290965,2.1133077917657,1.2529,15.6711486243515,19.63438211145,21.7476899032157,34.24542896
"NJ","ngtb_X3","existing","ngtb","no",2020,0.100115,4.74751787108345,0.47529775166352,0.9423,18.5208256047701,17.4521739673749,17.9274717190384,34.24542896
"NJ","nuc_X","existing","nuc","yes",2020,26.637324,2.55696031440696,68.11058035,3.6307,131.239238493954,476.4903032,544.60088355,34.24542896
"NJ","oth_X","existing","oth","no",2020,0.051418,0,0,0.0512,0,0,0,34.24542896
"NJ","slr_X","existing","slr","yes",2020,1.16472106,0,0,0.8562,20.6915296,17.71608764352,17.71608764352,34.4528252346606
"NJ","stog_X2","existing","stog","no",2020,-0.093829,0,0,0.453,0,0,0,34.24542896
"NJ","wnd_X","existing","wnd","yes",2020,0.021996,0,0,0.009,47.6538110133333,0.42888429912,0.42888429912,34.24542896
"NM","col_X1","existing","col","no",2020,8.91873802,7.57605306663734,67.568832526956,1.6373,59.6682791608135,97.69487347,165.263705996956,22.75531441
"NM","col_X2","existing","col","no",2020,7.384893923,7.94799571855678,58.695105282,1.56,60.993055525641,95.14916662,153.844271902,24.0582606538415
"NM","col_X3","existing","col","no",2020,0.850815,3.25667926305954,2.7708315672,0.4205,84.2907837526754,35.444274568,38.2151061352,22.75531441
"NM","geo_X","existing","geo","yes",2020,0.058102,0,0,0.0192,200.140783645833,3.842703046,3.842703046,22.75531441
"NM","hyd_X","existing","hyd","yes",2020,0.15818,0,0,0.0815,92.6869600539877,7.5539872444,7.5539872444,22.75531441
"NM","ngcc_X1","existing","ngcc","no",2020,7.2788849998,2.26064122452163,16.4549474991,1.5524,12.8775513225329,19.9911106731,36.4460581722,25.8019440054424
"NM","ngcc_X2","existing","ngcc","no",2020,0.004383,2.29050136664385,0.01003926749,0.0375,12.8411384853333,0.4815426932,0.49158196069,22.75531441
"NM","ngtb_X1","existing","ngtb","no",2020,0.436131,4.79192363659084,2.08990644755,0.239,11.0474590670293,2.64034271702,4.73024916457,23.482259202036
"NM","ngtb_X2","existing","ngtb","no",2020,1.521789997,4.78988770965749,7.28920320331,0.7529,11.7776752769558,8.86741171602,16.15661491933,27.6787377620959
"NM","ngtb_X3","existing","ngtb","no",2020,0.30540454,4.79192363557136,1.4634752336368,0.2454,19.7179587303993,4.83878707244,6.3022623060768,22.7596529042513
"NM","oth_X","existing","oth","no",2020,-8e-04,0,0,0.001,0,0,0,22.75531441
"NM","slr_X","existing","slr","yes",2020,1.3659004,0,0,0.6747,20.6915296003261,13.96057502134,13.96057502134,24.7230163357707
"NM","wnd_X","existing","wnd","yes",2020,6.892087,0,0,2.0359,47.6538110127953,97.01839384095,97.01839384095,25.0749431961595
"NV","col_X1","existing","col","no",2020,0.021519,3.2115877382778,0.06911015654,0.0075,42.9796243866667,0.3223471829,0.39145733944,22.75531441
"NV","col_X2","existing","col","no",2020,3.389823961,7.15821975976941,24.26510485977,1.039,112.90299145871,117.3062081256,141.57131298537,22.75531441
"NV","col_X3","existing","col","no",2020,0.287092,3.28817452005629,0.944008599312,0.1955,56.5054205984655,11.046809727,11.990818326312,22.75531441
"NV","geo_X","existing","geo","yes",2020,3.909124,0,0,0.8066,192.266888963799,155.0824726382,155.0824726382,22.75531441
"NV","hyd_X","existing","hyd","yes",2020,2.242057,0,0,1.0522,92.686960053792,97.5252193686,97.5252193686,22.75531441
"NV","ngcc_X1","existing","ngcc","no",2020,23.88568899969,2.27851001591565,54.42378162284,6.5129,12.8336334532635,83.58417131776,138.0079529406,22.75531441
"NV","ngtb_X1","existing","ngtb","no",2020,0.3964156,4.79192363595176,1.8995932833,0.1294,11.047459064915,1.429541203,3.3291344863,22.75531441
"NV","ngtb_X2","existing","ngtb","no",2020,0.58724,4.79192363497037,2.8140092354,1.3753,11.0474590671126,15.193570455,18.0075796904,22.75531441
"NV","ngtb_X3","existing","ngtb","no",2020,0.030789,4.79192363506447,0.1475385368,0.012,11.0474590666667,0.1325695088,0.2801080456,22.75531441
"NV","slr_X","existing","slr","yes",2020,4.81051121,0.106163615592115,0.5107012629,2.3571,22.4219850665139,52.85086100028,53.36156226318,22.75531441
"NV","wnd_X","existing","wnd","yes",2020,0.329399,0,0,0.15,47.6538110133333,7.148071652,7.148071652,22.75531441
"NY","bio_X","existing","bio","yes",2020,0.47558766299,5.23497569713525,2.48968985761,0.1266,212.966985519747,26.9616203668,29.45131022441,37.63620393
"NY","col_X1","existing","col","no",2020,1.1990359950459,3.2101112126852,3.84903889211,0.7006,80.7067978662718,56.54318258511,60.39222147722,37.63620393
"NY","col_X2","existing","col","no",2020,5.727424078,3.5539024923588,20.3547067056,6.6376,74.6274597188743,495.34722663,515.7019333356,37.63620393
"NY","col_X3","existing","col","no",2020,1.177111787002,2.983514036697,3.51192953928196,5.4828,95.1645655509046,521.7682800025,525.280209541782,37.63620393
"NY","hyd_X","existing","hyd","yes",2020,30.614485,0,0,4.6875,92.6869600615573,434.47012528855,434.47012528855,37.63620393
"NY","msw_X","existing","msw","no",2020,1.76681886804,1.50661958773622,2.661923914571,0.3125,2.5567066511104,0.798970828472,3.460894743043,37.63620393
"NY","ngcc_X1","existing","ngcc","no",2020,36.349560302703,2.26707292889753,82.4071041395862,10.1553,12.8601606070573,130.598789012849,213.005893152435,37.63620393
"NY","ngtb_X1","existing","ngtb","no",2020,3.444836601,4.77989516438821,16.4659578112274,1.4269,11.2108840942163,15.9968105140373,32.4627683252647,37.6072436649069
"NY","ngtb_X2","existing","ngtb","no",2020,0.897679,4.78914656075067,4.2991162955081,0.8548,12.3824106981267,10.5844846647587,14.8836009602668,37.63620393
"NY","ngtb_X3","existing","ngtb","no",2020,0.34021278,4.75026960848172,1.61610242925108,3.6911,19.1308738767368,70.6139685664232,72.2300709956743,37.63620393
"NY","nuc_X","existing","nuc","yes",2020,44.865018,2.55696031415835,114.71807052,5.7094,131.239238508425,749.29730834,864.01537886,37.63620393
"NY","oth_X","existing","oth","no",2020,0.04632,0,0,0.0596,0,0,0,37.63620393
"NY","slr_X","existing","slr","yes",2020,0.52364,0,0,0.4178,20.6915295999043,8.64492106684,8.64492106684,37.6193161041621
"NY","stog_X2","existing","stog","no",2020,-0.315589,0,0,1.24,0,0,0,37.63620393
"NY","wnd_X","existing","wnd","yes",2020,4.455881,0,0,1.9912,47.6538110172459,94.88826849754,94.88826849754,37.63620393
"OH","bio_X","existing","bio","yes",2020,0.241180405,5.77493638921454,1.3928014972,0.1,274.877455435,27.4877455435,28.8805470407,34.24542896
"OH","col_X1","existing","col","no",2020,28.0800768600024,7.50020935823547,210.606455245362,6.2428,95.8363203424799,598.286980634033,808.893435879395,34.24542896
"OH","col_X2","existing","col","no",2020,19.235334052864,7.76345102889489,149.332573943844,6.1872,103.818283800348,642.34448552951,791.677059473354,34.24542896
"OH","col_X3","existing","col","no",2020,0.753408000001,3.42673180552446,2.58172715614,0.316,84.4349656294304,26.6814491389,29.26317629504,34.24542896
"OH","hyd_X","existing","hyd","yes",2020,0.402631,0,0,0.1234,92.6869600510535,11.4375708703,11.4375708703,34.24542896
"OH","msw_X","existing","msw","no",2020,0.013515983,2.54783760012128,0.03443652969,0.0928,27.9680722413793,2.595437104,2.62987363369,34.24542896
"OH","ngcc_X1","existing","ngcc","no",2020,45.835165298199,2.28629200131657,104.792571800295,7.2142,12.9613807995388,93.505993364033,198.298565164328,34.24542896
"OH","ngcc_X3","existing","ngcc","no",2020,1.905391,2.21329416639419,4.217190785,0.7395,12.8426725933739,9.4971563828,13.7143471678,34.24542896
"OH","ngtb_X1","existing","ngtb","no",2020,1.503623062,4.77336480299145,7.17734140111703,2.8,11.2120024811821,31.39360694731,38.570948348427,34.24542896
"OH","ngtb_X2","existing","ngtb","no",2020,0.522353198,4.78691645204453,2.50046111728427,1.3429,17.0495020039809,22.895776241146,25.3962373584303,34.24542896
"OH","ngtb_X3","existing","ngtb","no",2020,1.731560673,4.79021977685747,8.29455618063323,3.1824,14.3133393819595,45.550771249148,53.8453274297812,34.24542896
"OH","nuc_X","existing","nuc","yes",2020,17.010561,2.55696031424243,43.4953294,2.2368,131.239238510372,293.5559287,337.0512581,34.24542896
"OH","oth_X","existing","oth","no",2020,-0.005344,0,0,0.026,0,0,0,34.24542896
"OH","slr_X","existing","slr","yes",2020,0.13542561,0,0,0.098,20.6915296004082,2.02776990084,2.02776990084,33.9988549348576
"OH","wnd_X","existing","wnd","yes",2020,2.042913,0,0,0.7184,47.6538110208241,34.23449783736,34.23449783736,34.24542896
"OK","bio_X","existing","bio","yes",2020,0.285277154,5.22099241287299,1.4894298566,0.068,271.619641073529,18.470135593,19.9595654496,29.34733352
"OK","col_X1","existing","col","no",2020,0.511722845027004,4.11531896908805,2.10590273105534,0.1988,98.2387277519115,19.52985907708,21.6357618081353,29.34733352
"OK","col_X2","existing","col","no",2020,11.879650015033,7.85607741847526,93.32745022249,7.719,74.1329366232025,572.2321377945,665.55958801699,29.34733352
"OK","col_X3","existing","col","no",2020,1.5316131520987,4.26793782885533,6.5368297110144,2.7134,100.830851217476,273.5944316935,280.131261404514,29.3469720349277
"OK","hyd_X","existing","hyd","yes",2020,3.903231,0,0,0.8193,92.6869600537044,75.938426372,75.938426372,29.34733352
"OK","msw_X","existing","msw","no",2020,0.012814842,2.22797919997765,0.028551201427,0.3668,1.0880574109024,0.399099458319,0.427650659746,27.357107026639
"OK","ngcc_X1","existing","ngcc","no",2020,36.9117790004,2.26707991056034,83.68195263485,8.4514,13.3453611578792,112.7869852897,196.46893792455,29.3510451347085
"OK","ngtb_X1","existing","ngtb","no",2020,0.32795442,4.79192363598243,1.57153253672291,0.304,14.9209214797039,4.53596012983,6.10749266655291,29.34733352
"OK","ngtb_X2","existing","ngtb","no",2020,0.707627,4.7919204328949,3.39089228016812,0.7876,11.9028643246065,9.3746959420601,12.7655882222282,29.34733352
"OK","ngtb_X3","existing","ngtb","no",2020,0.181137,4.79191236612619,0.867992630263,0.906,11.7011483068433,10.601240366,11.469232996263,29.34733352
"OK","slr_X","existing","slr","yes",2020,0.059623,0,0,0.0305,20.6915296,0.6310916528,0.6310916528,29.34733352
"OK","stog_X2","existing","stog","no",2020,-0.104059,0,0,0.2592,0,0,0,29.34733352
"OK","wnd_X","existing","wnd","yes",2020,29.00813074,0,0,8.1707,47.6538110138911,389.3649936512,389.3649936512,29.34733352
"OR","bio_X","existing","bio","yes",2020,0.666266315,5.24514713681721,3.49466485448,0.2769,154.312046678223,42.7290057252,46.22367057968,22.75531441
"OR","col_X1","existing","col","no",2020,0.0668305270042,3.22734900283586,0.215685434686,0.101,69.6350397940594,7.0331390192,7.248824453886,22.75531441
"OR","col_X2","existing","col","no",2020,2.573941974,13.1798710937063,33.92422342,0.6795,44.74785852805,30.40616986981,64.33039328981,22.75531441
"OR","col_X3","existing","col","no",2020,7.46e-07,5.4395669383378,4.057916936e-06,0.0131,44.4024427938931,0.5816720006,0.581676058516936,22.75531441
"OR","geo_X","existing","geo","yes",2020,0.185456,0,0,0.033,200.140783666667,6.604645861,6.604645861,22.75531441
"OR","hyd_X","existing","hyd","yes",2020,30.322003,0,0,8.4091,92.6869600518129,779.4139157717,779.4139157717,22.75531441
"OR","msw_X","existing","msw","no",2020,0.065994254,2.22797919982549,0.14703382522,0.0131,2.8456368,0.03727784208,0.1843116673,22.75531441
"OR","ngcc_X1","existing","ngcc","no",2020,20.40138435999,2.27381822963129,46.38903966746,3.9783,14.5353928306121,57.826153298024,104.215192965484,22.75531441
"OR","ngtb_X1","existing","ngtb","no",2020,0.444165,4.79192363581102,2.1284047617,0.2384,11.2698911308305,2.68674204559,4.81514680729,22.75531441
"OR","ngtb_X2","existing","ngtb","no",2020,0.26799176,4.79192363577522,1.284196048937,0.1701,11.04745906602,1.87917278713,3.163368836067,22.75531441
"OR","ngtb_X3","existing","ngtb","no",2020,0.019644,4.79192363571574,0.0941325479,0.0032,11.04745906875,0.03535186902,0.12948441692,22.75531441
"OR","oth_X","existing","oth","no",2020,-0.000526,0,0,0.005,0,0,0,22.75531441
"OR","slr_X","existing","slr","yes",2020,0.676337,0,0,0.4007,20.6915295983529,8.29109591006,8.29109591006,22.75531441
"OR","wnd_X","existing","wnd","yes",2020,6.568889,0,0,3.4262,47.6538110125883,163.27148729133,163.27148729133,22.75531441
"PA","bio_X","existing","bio","yes",2020,0.315403867,5.55749771627245,1.752856270556,0.2917,185.620755478231,54.145574373,55.898430643556,34.24542896
"PA","col_X1","existing","col","no",2020,23.2122877038692,7.35341736967301,170.689639591479,4.1553,126.968417327923,527.59186452272,698.281504114199,34.24542896
"PA","col_X2","existing","col","no",2020,13.6189016459998,11.7940257283023,160.62167640414,6.8491,118.497807363032,811.60333241014,972.22500881428,34.24542896
"PA","col_X3","existing","col","no",2020,4.90665272501002,5.98892913413632,29.3855954559019,4.3107,75.9330613915141,327.3246477404,356.710243196302,34.24542896
"PA","hyd_X","existing","hyd","yes",2020,3.503123,0,0,0.9195,92.6869600508972,85.2256597668,85.2256597668,34.24542896
"PA","msw_X","existing","msw","no",2020,1.57592286102,2.69544142005824,4.24780775441,0.4058,11.4471465481173,4.645252069226,8.893059823636,34.24542896
"PA","ngcc_X1","existing","ngcc","no",2020,91.340708020886,2.2734902184483,207.662206231627,18.6509,13.0629742285097,243.636226038512,451.298432270139,34.24542896
"PA","ngcc_X2","existing","ngcc","no",2020,0,0,0,0.0332,12.6672284216867,0.4205519836,0.4205519836,NA
"PA","ngtb_X1","existing","ngtb","no",2020,3.753790584,4.77975005605846,17.9421807543057,1.5705,11.2688228214699,17.6976862411185,35.6398669954242,34.2635562557495
"PA","ngtb_X2","existing","ngtb","no",2020,0.53328732,4.81270657583181,2.56655539177172,1.2039,17.3898757782706,20.93567144946,23.5022268412317,34.24542896
"PA","ngtb_X3","existing","ngtb","no",2020,0.25157264,4.79031607172803,1.20511246059905,1.6625,15.6631585090286,26.04000102126,27.2451134818591,34.24542896
"PA","nuc_X","existing","nuc","yes",2020,83.229652,2.55696031433605,212.81491714,9.5322,131.239238507375,1250.9986693,1463.81358644,34.24542896
"PA","oth_X","existing","oth","no",2020,-0.014749738,-1.70601349461258,0.02516325207,0.152,3.35740957763158,0.5103262558,0.53548950787,34.24542896
"PA","slr_X","existing","slr","yes",2020,0.08278424,0,0,0.0818,20.691529600489,1.69256712132,1.69256712132,34.1380009198114
"PA","stog_X2","existing","stog","no",2020,-0.565629,0,0,1.541,0,0,0,34.24542896
"PA","wnd_X","existing","wnd","yes",2020,3.250499,0,0,1.4634,47.6538110137351,69.7365870375,69.7365870375,34.24542896
"RI","col_X1","existing","col","no",2020,0.02302,3.24092210445265,0.0746060268445,0.0104,86.0917957423077,0.89535467572,0.9699607025645,37.63620393
"RI","col_X2","existing","col","no",2020,0,0,0,0.002,0,0,0,NA
"RI","hyd_X","existing","hyd","yes",2020,0.00364,0,0,0.0016,92.6869600625,0.1482991361,0.1482991361,37.63620393
"RI","ngcc_X1","existing","ngcc","no",2020,7.164423488,2.24401205643164,16.077052684454,1.9964,12.6801328801789,25.3146172819891,41.3916699664431,37.63620393
"RI","ngtb_X1","existing","ngtb","no",2020,0.17232264,4.78287951875041,0.824198425473,0.029,11.0474590692414,0.320376313008,1.144574738481,37.63620393
"RI","ngtb_X3","existing","ngtb","no",2020,8.9e-05,4.79192363606742,0.00042648120361,0.0135,11.0474590674074,0.14914069741,0.14956717861361,37.63620393
"RI","slr_X","existing","slr","yes",2020,0.054548,0,0,0.0479,20.6915296,0.99112426784,0.99112426784,37.63620393
"RI","wnd_X","existing","wnd","yes",2020,0.206195,0,0,0.0735,79.3892328152381,5.83510861192,5.83510861192,37.63620393
"SC","bio_X","existing","bio","yes",2020,2.01438916698,5.9665465275605,12.0189466894,0.5659,205.387202482771,116.228617885,128.2475645744,28.3139645811177
"SC","col_X1","existing","col","no",2020,0.341273876001915,5.04092938641101,1.72033751035244,0.4487,123.044990457413,55.210287218241,56.9306247285934,27.22135707
"SC","col_X2","existing","col","no",2020,15.6382659935,8.29905200938831,129.782782816705,4.8661,84.8514394294938,412.89558940786,542.678372224565,27.22135707
"SC","col_X3","existing","col","no",2020,0.713407445,7.86436737346216,5.610498234443,1.2808,59.3160424697845,75.9719871953,81.582485429743,27.22135707
"SC","hyd_X","existing","hyd","yes",2020,2.97618708,0,0,1.3544,91.8657524868577,124.4229751682,124.4229751682,27.22135707
"SC","msw_X","existing","msw","no",2020,0.042300133,1.18132532177381,0.0499702182273,0.1164,12.4401538550687,1.44803390873,1.4980041269573,27.22135707
"SC","ngcc_X1","existing","ngcc","no",2020,19.7770158,2.22998396152872,44.1024280409,3.6859,12.7146588776147,46.864961157,90.9673891979,27.22135707
"SC","ngtb_X1","existing","ngtb","no",2020,0.041519,4.79192363554999,0.1989558774244,0.1379,19.9479137602611,2.75081730754,2.9497731849644,27.22135707
"SC","ngtb_X2","existing","ngtb","no",2020,2.204063997,4.79625066301834,10.5712434069461,1.8921,12.456289040667,23.5685444938461,34.1397879007922,27.22135707
"SC","ngtb_X3","existing","ngtb","no",2020,0.19049984,4.77311533191204,0.90927770703079,2.1181,17.680099723548,37.448219224447,38.3574969314778,27.22135707
"SC","nuc_X","existing","nuc","yes",2020,56.103043,2.55696031425604,143.45325446,6.8751,131.239238498349,902.2828886,1045.73614306,27.22135707
"SC","oth_X","existing","oth","no",2020,0.002309,0,0,0.004,0,0,0,27.22135707
"SC","slr_X","existing","slr","yes",2020,0.858546,0,0,0.646,20.6915295991641,13.36672812106,13.36672812106,27.22135707
"SC","stog_X2","existing","stog","no",2020,-0.908655,0,0,2.6572,0,0,0,27.22135707
"SD","col_X2","existing","col","no",2020,2.631509009,9.97705276763124,26.25470424129,0.4536,59.5278169263668,27.0018177578,53.25652199909,29.34733352
"SD","hyd_X","existing","hyd","yes",2020,7.915155,0,0,1.6484,92.6869600583596,152.7851849602,152.7851849602,29.34733352
"SD","ngcc_X1","existing","ngcc","no",2020,0.856663,2.31324300886113,1.9816696957,0.324,12.7422164595679,4.1284781329,6.1101478286,29.34733352
"SD","ngtb_X1","existing","ngtb","no",2020,0.1633717,4.78481507806009,0.78170337348831,0.3117,11.0474590683991,3.44349299162,4.22519636510831,29.34733352
"SD","ngtb_X2","existing","ngtb","no",2020,0.130647999,4.67206029346305,0.6103953285483,0.4645,11.273593033972,5.23658396428,5.8469792928283,28.2209463136285
"SD","ngtb_X3","existing","ngtb","no",2020,0.018142,4.94907532829897,0.089786124606,0.3945,15.8296609915082,6.24480126115,6.334587385756,26.5959958118686
"SD","slr_X","existing","slr","yes",2020,0.001829,0,0,0.001,20.6915296,0.0206915296,0.0206915296,29.34733352
"SD","wnd_X","existing","wnd","yes",2020,2.789329,0,0,1.1745,47.6538110114943,55.969401033,55.969401033,28.1318461807091
"TN","bio_X","existing","bio","yes",2020,0.83033549896,5.27282200795189,4.3782112929,0.1857,273.33432178783,50.758183556,55.1363948489,29.2089869794818
"TN","col_X1","existing","col","no",2020,12.1355650159113,12.69088755108,154.011090985751,3.93,80.4499641106463,316.16835895484,470.179449940591,27.8336554052882
"TN","col_X2","existing","col","no",2020,7.38013905405,9.02863627584686,66.63259118419,2.9552,164.008330230441,484.677417497,551.31000868119,27.22135707
"TN","hyd_X","existing","hyd","yes",2020,10.129824,0,0,2.5044,92.6869600501118,232.1252227495,232.1252227495,27.22135707
"TN","msw_X","existing","msw","no",2020,0.009908719,0.055147999998789,0.0005464460354,0.1357,0.992664,0.1347045048,0.1352509508354,27.22135707
"TN","ngcc_X1","existing","ngcc","no",2020,13.9413099996,2.26961023023718,31.641339798,2.7722,13.1693858700671,36.508171509,68.149511307,27.22135707
"TN","ngtb_X1","existing","ngtb","no",2020,0.723816,4.78903373593178,3.4663792426072,0.6586,11.047459068266,7.27585654236,10.7422357849672,27.22135707
"TN","ngtb_X2","existing","ngtb","no",2020,0.874136798,4.77744207748133,4.17613792024,1.09,11.0474590711193,12.04173038752,16.21786830776,27.22135707
"TN","ngtb_X3","existing","ngtb","no",2020,0.728078005,4.78343849578659,3.4827163570525,3.17,15.3992954504732,48.815766578,52.2984829350525,27.22135707
"TN","nuc_X","existing","nuc","yes",2020,35.720405,2.55696031441973,91.335658,4.9808,131.239238515901,653.6763992,745.0120572,27.22135707
"TN","oth_X","existing","oth","no",2020,0.00987448400028,3.29169977302088,0.03250383674242,0.3075,1.72724735080976,0.531128560374,0.56363239711642,32.7919441474544
"TN","slr_X","existing","slr","yes",2020,0.32632408,0,0,0.1835,20.6915296015259,3.79689568188,3.79689568188,27.2884715046841
"TN","stog_X2","existing","stog","no",2020,-0.61536,0,0,1.7136,0,0,0,27.22135707
"TN","wnd_X","existing","wnd","yes",2020,0.037976,0,0,0.027,47.653811,1.286652897,1.286652897,27.22135707
"TX","bio_X","existing","bio","yes",2020,1.04272074395296,5.48798601833604,5.7224368638428,0.3132,211.072785793742,66.1079965106,71.8304333744428,30.1282649605829
"TX","col_X1","existing","col","no",2020,12.8562599609959,8.9646697857029,115.252125229482,2.8607,54.414825848973,155.664492306157,270.916617535639,31.8707419471164
"TX","col_X2","existing","col","no",2020,92.671537854021,7.71809510780388,715.247742943782,26.5052,94.5228999478178,2505.3483676969,3220.59611064068,31.2473680185636
"TX","col_X3","existing","col","no",2020,9.930143088264,6.72979910643494,66.8278680821702,8.9487,70.3672173844957,629.695118208637,696.522986290807,30.1403611274454
"TX","hyd_X","existing","hyd","yes",2020,1.47549086,0,0,0.6549,92.6869600589403,60.7006901426,60.7006901426,30.6842219180791
"TX","msw_X","existing","msw","no",2020,0.00159484,0.0772071999699029,0.0001231331308,0.048,0.173910065395833,0.008347683139,0.0084708162698,27.22135707
"TX","ngcc_X1","existing","ngcc","no",2020,203.072270819945,2.24737903270811,456.380363565168,46.7574,13.4167916546278,627.334294112093,1083.71465767726,31.4062944601145
"TX","ngcc_X2","existing","ngcc","no",2020,0.59629,2.22431893828506,1.32633913971,0.1065,12.6855244660094,1.35100835563,2.67734749534,27.22135707
"TX","ngcc_X3","existing","ngcc","no",2020,0.014676,2.21329416653039,0.032482305188,0.08,12.66722841875,1.0133782735,1.045860578688,31.98632373
"TX","ngtb_X1","existing","ngtb","no",2020,21.953844641,4.79179015327813,105.198216577342,6.9558,12.4225816695779,86.40899357725,191.607210154592,29.723734384987
"TX","ngtb_X2","existing","ngtb","no",2020,4.49688,4.81302912200984,21.6436143981836,1.9282,12.2561167451501,23.6322443079983,45.2758587061819,30.7489967855717
"TX","ngtb_X3","existing","ngtb","no",2020,5.45683957,4.7894417440102,26.1352152269247,4.3123,14.6062962456624,62.98673130017,89.1219465270947,31.8938462284629
"TX","nuc_X","existing","nuc","yes",2020,41.298007,2.55696031433188,105.59736496,5.1386,131.239238508543,674.385951,779.98331596,31.98632373
"TX","oth_X","existing","oth","no",2020,0.307442,3.32926370892721,1.0235554932,0.251,23.4247514621514,5.879612617,6.9031681102,31.98632373
"TX","slr_X","existing","slr","yes",2020,4.365125,0,0,2.4367,20.6915295998851,50.41905017604,50.41905017604,31.9115769002014
"TX","wnd_X","existing","wnd","yes",2020,83.540699,0,0,28.0242,47.6538110136382,1335.4599306084,1335.4599306084,31.7500943846014
"UT","col_X1","existing","col","no",2020,7.750430989,5.95569954475212,46.15923831282,1.6813,152.085473046036,255.7013058323,301.86054414512,22.75531441
"UT","col_X2","existing","col","no",2020,17.317270021,6.1170946316331,105.93137948,3.114,54.7608745054592,170.52536321,276.45674269,22.75531441
"UT","col_X3","existing","col","no",2020,0.51600100499,3.26872474089985,1.68666525134,0.3372,77.325631945433,26.074203092,27.76086834334,22.75531441
"UT","geo_X","existing","geo","yes",2020,0.310314,0,0,0.0838,174.182613687351,14.596503027,14.596503027,22.75531441
"UT","hyd_X","existing","hyd","yes",2020,0.87511114,0,0,0.2646,92.6869600702948,24.5249696346,24.5249696346,22.75531441
"UT","ngcc_X1","existing","ngcc","no",2020,8.4008120003,2.21489550918834,18.606920773,2.174,12.6686332282889,27.5416086383,46.1485294113,22.75531441
"UT","ngtb_X1","existing","ngtb","no",2020,0.387573,4.79192363562942,1.8572202192318,0.3946,11.0474590685251,4.35932734844,6.2165475676718,22.75531441
"UT","ngtb_X2","existing","ngtb","no",2020,0.42955358,4.79170995039315,2.058296163513,0.1745,16.4715235223496,2.87428085465,4.932577018163,22.75531441
"UT","ngtb_X3","existing","ngtb","no",2020,0.052795,4.79192363555293,0.252989608339017,0.2436,11.487361992775,2.79832138144,3.05131098977902,22.75531441
"UT","oth_X","existing","oth","no",2020,0.07206506,0,0,0.0098,0,0,0,22.75531441
"UT","slr_X","existing","slr","yes",2020,2.17515335,0,0,0.9167,20.6915296002182,18.96792518452,18.96792518452,22.75531441
"UT","wnd_X","existing","wnd","yes",2020,0.818684,0,0,0.3882,47.6538110173364,18.49920943693,18.49920943693,22.75531441
"VA","bio_X","existing","bio","yes",2020,2.669851646,6.3154819379466,16.86139984731,1.2843,174.352312579226,223.9206750455,240.78207489281,27.8177647125221
"VA","col_X1","existing","col","no",2020,0.467959725972237,3.83962268878325,1.79678878127979,0.1857,269.797663992049,50.1014262033236,51.8982149846034,30.4855553620095
"VA","col_X2","existing","col","no",2020,3.57331486,8.61106652078513,30.77005195917,3.0569,77.1881674910857,235.9565092035,266.72656116267,29.8397387329334
"VA","col_X3","existing","col","no",2020,0.6050368429442,5.27905402489939,3.194022180957,2.6624,121.61474544162,323.78709826377,326.981120444727,27.5527221534562
"VA","hyd_X","existing","hyd","yes",2020,1.5192826,0,0,0.8191,92.6869600519106,75.91988897852,75.91988897852,31.4987926061141
"VA","msw_X","existing","msw","no",2020,1.015118674,6.5966536808385,6.69638633733,0.213,27.0129734676995,5.75376334862,12.45014968595,27.22135707
"VA","ngcc_X1","existing","ngcc","no",2020,53.07285801,2.28385389578721,121.2106535267,7.0012,13.0630127699537,91.456765005,212.6674185317,27.22135707
"VA","ngtb_X1","existing","ngtb","no",2020,2.188575999,4.73598465455533,10.3650623465921,2.3751,11.1509448057766,26.4846090082,36.8496713547921,28.6094978406431
"VA","ngtb_X2","existing","ngtb","no",2020,2.132408041,4.75673313433082,10.1432959845382,2.5986,11.1133544021485,28.879162749423,39.0224587339612,27.6862304906867
"VA","ngtb_X3","existing","ngtb","no",2020,0.23061572,4.76711772972892,1.0993722875662,0.8424,14.369254652849,12.10466011956,13.2040324071262,27.243835004526
"VA","nuc_X","existing","nuc","yes",2020,29.497516,2.55696031455666,75.42397779,3.6544,131.239238507005,479.6006732,555.02465099,27.22135707
"VA","oth_X","existing","oth","no",2020,0.010193171,3.28879493829742,0.03352324919,0.101,10.687611,1.079448711,1.11297196019,27.22135707
"VA","slr_X","existing","slr","yes",2020,0.949111,0,0,0.6246,20.691529599968,12.92392938814,12.92392938814,28.8041467368216
"VA","stog_X2","existing","stog","no",2020,-1.104203,0,0,3.1093,0,0,0,29.2815253711031
"VT","bio_X","existing","bio","yes",2020,0.360429789,5.27655828406014,1.90182878897,0.0824,136.722297400485,11.2659173058,13.16774609477,37.63620393
"VT","col_X1","existing","col","no",2020,0.001076213,3.21158773839379,0.0034563524747,0.0014,85.9592487607143,0.120342948265,0.1237993007397,37.63620393
"VT","hyd_X","existing","hyd","yes",2020,1.337017,0,0,0.3247,92.6869600548198,30.0954559298,30.0954559298,37.63620393
"VT","ngtb_X1","existing","ngtb","no",2020,0.066527,4.79192363495423,0.3187923036626,0.0216,12.9992556615741,0.28078392229,0.5995762259526,37.63620393
"VT","ngtb_X3","existing","ngtb","no",2020,0.00095,4.79192363610526,0.0045523274543,0.1589,16.3588551378225,2.5994220814,2.6039744088543,37.63620393
"VT","oth_X","existing","oth","no",2020,-0.000967,0,0,0.0109,0,0,0,37.63620393
"VT","slr_X","existing","slr","yes",2020,0.147287,0,0,0.1194,20.691529599665,2.4705686342,2.4705686342,37.63620393
"VT","wnd_X","existing","wnd","yes",2020,0.377478,0,0,0.151,47.6538110152318,7.1957254633,7.1957254633,37.63620393
"WA","bio_X","existing","bio","yes",2020,1.43120909201,5.27369226775235,7.54775632207,0.3051,218.979332641429,66.8105943889,74.35835071097,22.75531441
"WA","col_X1","existing","col","no",2020,0.1204542709953,3.24150199362823,0.3904527595723,0.1349,199.873682278206,26.96295973933,27.3534124989023,22.75531441
"WA","col_X2","existing","col","no",2020,7.159631326,9.26274011299545,66.317804277599,1.5238,60.41853419412,92.065762405,158.383566682599,22.75531441
"WA","hyd_X","existing","hyd","yes",2020,66.018323,0,0,21.1006,92.6768570190682,1955.53728921655,1955.53728921655,22.75531441
"WA","msw_X","existing","msw","no",2020,0.121031,2.22797920003966,0.26965455056,0.026,2.84563679961538,0.07398655679,0.34364110735,22.75531441
"WA","ngcc_X1","existing","ngcc","no",2020,14.631067999,2.26023720689838,33.069684268,3.1528,12.7992999709591,40.35363294844,73.42331721644,22.75531441
"WA","ngtb_X1","existing","ngtb","no",2020,1.06844471,4.79192363603326,5.1199054596437,0.1835,19.4639973640872,3.57164351631,8.6915489759537,22.75531441
"WA","ngtb_X2","existing","ngtb","no",2020,0.217744003,4.78138632904714,1.0411181991762,0.4531,11.9744734619069,5.42563392559,6.4667521247662,22.75531441
"WA","ngtb_X3","existing","ngtb","no",2020,0.089624,4.7828262307864,0.428656018108,0.351,16.4987978439886,5.79107804324,6.219734061348,22.75531441
"WA","nuc_X","existing","nuc","yes",2020,8.866499,2.55696031432474,22.67128607,1.2,131.2392385,157.4870862,180.15837227,22.75531441
"WA","oth_X","existing","oth","no",2020,0.010052824,3.38761974943558,0.03405514512,0.0688,25.8800918895349,1.780550322,1.81460546712,22.75531441
"WA","slr_X","existing","slr","yes",2020,0.043728,0,0,0.0197,20.6915295989848,0.4076231331,0.4076231331,22.75531441
"WA","stog_X1","existing","stog","no",2020,0.008538,0,0,0.314,0,0,0,22.75531441
"WA","wnd_X","existing","wnd","yes",2020,6.677261,0,0,3.0834,47.6538110136538,146.9357608795,146.9357608795,22.75531441
"WI","bio_X","existing","bio","yes",2020,0.818178076999,5.89484796302345,4.823035370588,0.4402,189.075922720831,83.23122118171,88.054256552298,29.9414006533804
"WI","col_X1","existing","col","no",2020,12.8938539600071,7.62657814809686,98.3359848561423,2.9995,110.739230269521,332.162321193429,430.498306049572,32.3702900180964
"WI","col_X2","existing","col","no",2020,13.5055360175016,10.6060242497071,143.240042506915,3.5792,65.4471197742563,234.248331096018,377.488373602933,30.7341467216
"WI","col_X3","existing","col","no",2020,0.1551226340038,5.43197664286734,0.8426225246887,0.295,111.605199743356,32.92353392429,33.7661564489787,29.34733352
"WI","hyd_X","existing","hyd","yes",2020,2.64101428,0,0,0.5379,92.686960053839,49.85631581296,49.85631581296,29.5612665575372
"WI","msw_X","existing","msw","no",2020,0.0351162570001,2.09171665382421,0.07345325958708,0.1222,1.61978070049918,0.197937201601,0.27139046118808,29.34733352
"WI","ngcc_X1","existing","ngcc","no",2020,17.776525321,2.27540416907046,40.44877982699,3.0218,12.7496189910947,38.52679866729,78.97557849428,33.0296226411233
"WI","ngtb_X1","existing","ngtb","no",2020,1.083521219,4.78770156672414,5.18757623778515,1.1171,12.0324442287891,13.4414434479803,18.6290196857654,30.2925728382976
"WI","ngtb_X2","existing","ngtb","no",2020,0.749865998,4.78741236465035,3.58991775065607,1.2242,12.6837108614279,15.52739883656,19.1173165872161,31.8871167165206
"WI","ngtb_X3","existing","ngtb","no",2020,0.396872,4.74571712864368,1.88344224827908,2.3824,19.6423300349396,46.79588707524,48.6793293235191,33.1960345480175
"WI","nuc_X","existing","nuc","yes",2020,10.030305,2.5569603147661,25.64709183,1.286,131.239238491446,168.7736607,194.42075253,34.24542896
"WI","oth_X","existing","oth","no",2020,0.019728167,3.21419709007938,0.063410216964,0.0408,23.6209614551471,0.96373522737,1.027145444334,29.34733352
"WI","slr_X","existing","slr","yes",2020,0.037892,0,0,0.0404,20.6915296,0.83593779584,0.83593779584,29.6841971512847
"WI","wnd_X","existing","wnd","yes",2020,1.877809,0,0,0.7348,47.653811014834,35.0160203337,35.0160203337,31.2937211041695
"WV","col_X1","existing","col","no",2020,23.99899966902,7.45234504724685,178.8488263223,5.1556,59.3089410562495,305.7731765096,484.6220028319,34.24542896
"WV","col_X2","existing","col","no",2020,34.478128214,7.62136592183391,262.7704314188,7.9359,64.2973043945866,510.256977945,773.0274093638,34.24542896
"WV","col_X3","existing","col","no",2020,0.598016004,10.662592857632,6.376401173,0.0957,48.0863291954023,4.601861704,10.978262877,34.24542896
"WV","hyd_X","existing","hyd","yes",2020,1.706011,0,0,0.3706,92.686960050054,34.34978739455,34.34978739455,34.24542896
"WV","ngtb_X1","existing","ngtb","no",2020,0.910203998,4.78703313605968,4.357176699,0.344,11.0474590668605,3.800325919,8.157502618,34.24542896
"WV","ngtb_X2","existing","ngtb","no",2020,0.609383,4.79192363587432,2.920116801,0.8724,11.047459068088,9.637803291,12.557920092,34.24542896
"WV","ngtb_X3","existing","ngtb","no",2020,0.000217,4.7919236359447,0.001039847429,0.0185,21.5871606756757,0.3993624725,0.400402319929,34.24542896
"WV","oth_X","existing","oth","no",2020,-0.006418,0,0,0.0495,0,0,0,34.24542896
"WV","wnd_X","existing","wnd","yes",2020,1.631098,0,0,0.6863,47.653811018505,32.704810502,32.704810502,34.24542896
"WY","col_X1","existing","col","no",2020,0.520085899034229,3.29382000832145,1.71306934028479,0.0862,91.4477523572533,7.88279625319524,9.59586559348003,22.75531441
"WY","col_X2","existing","col","no",2020,31.8727733952016,11.2164450497801,357.499211371371,6.6008,112.685026806028,743.81132494123,1101.3105363126,22.75531441
"WY","col_X3","existing","col","no",2020,3.218804968,9.50972262417609,30.609942427,0.5823,63.4413287343294,36.941885722,67.551828149,22.75531441
"WY","hyd_X","existing","hyd","yes",2020,0.992427,0,0,0.3018,92.6869600523525,27.9729245438,27.9729245438,22.75531441
"WY","ngcc_X1","existing","ngcc","no",2020,0.309625,2.21329416616875,0.6852912062,0.1,12.667228419,1.2667228419,1.9520140481,22.75531441
"WY","ngtb_X1","existing","ngtb","no",2020,0.78777888,4.79192363570346,3.77497623478,0.237,17.7598392585654,4.20908190428,7.98405813906,22.75531441
"WY","ngtb_X2","existing","ngtb","no",2020,0.02519798,4.75719214551722,0.1198716325389,0.0497,11.6200384305835,0.57751591,0.6973875425389,22.75531441
"WY","ngtb_X3","existing","ngtb","no",2020,0.00052,4.79192363596154,0.0024918002907,0.0675,11.0474590666667,0.745703487,0.7481952872907,22.75531441
"WY","oth_X","existing","oth","no",2020,0.075487582,3.21158773770234,0.2424349927,0.0115,80.4602690869565,0.9252930945,1.1677280872,22.75531441
"WY","slr_X","existing","slr","yes",2020,0.180138,0,0,0.092,20.6915295978261,1.903620723,1.903620723,22.75531441
"WY","wnd_X","existing","wnd","yes",2020,4.162818,0,0,1.5893,47.6538110158749,75.73620184753,75.73620184753,22.75531441
"AL","stog_X3","existing","stog","no",2020,NA,NA,NA,1e-06,NA,NA,NA,NA
"AL","lfg_X","existing","lfg","no",2020,NA,NA,NA,1e-06,NA,NA,NA,NA
"AR","stog_X3","existing","stog","no",2020,NA,NA,NA,1e-06,NA,NA,NA,NA
"AR","lfg_X","existing","lfg","no",2020,NA,NA,NA,1e-06,NA,NA,NA,NA
"AZ","stog_X3","existing","stog","no",2020,NA,NA,NA,1e-06,NA,NA,NA,NA
"AZ","lfg_X","existing","lfg","no",2020,NA,NA,NA,1e-06,NA,NA,NA,NA
"CA","stog_X3","existing","stog","no",2020,NA,NA,NA,1e-06,NA,NA,NA,NA
"CA","lfg_X","existing","lfg","no",2020,NA,NA,NA,1e-06,NA,NA,NA,NA
"CO","stog_X3","existing","stog","no",2020,NA,NA,NA,1e-06,NA,NA,NA,NA
"CO","lfg_X","existing","lfg","no",2020,NA,NA,NA,1e-06,NA,NA,NA,NA
"CT","stog_X3","existing","stog","no",2020,NA,NA,NA,1e-06,NA,NA,NA,NA
"CT","lfg_X","existing","lfg","no",2020,NA,NA,NA,1e-06,NA,NA,NA,NA
"DC","stog_X3","existing","stog","no",2020,NA,NA,NA,1e-06,NA,NA,NA,NA
"DC","lfg_X","existing","lfg","no",2020,NA,NA,NA,1e-06,NA,NA,NA,NA
"DE","stog_X3","existing","stog","no",2020,NA,NA,NA,1e-06,NA,NA,NA,NA
"DE","lfg_X","existing","lfg","no",2020,NA,NA,NA,1e-06,NA,NA,NA,NA
"FL","stog_X3","existing","stog","no",2020,NA,NA,NA,1e-06,NA,NA,NA,NA
"FL","lfg_X","existing","lfg","no",2020,NA,NA,NA,1e-06,NA,NA,NA,NA
"GA","stog_X3","existing","stog","no",2020,NA,NA,NA,1e-06,NA,NA,NA,NA
"GA","lfg_X","existing","lfg","no",2020,NA,NA,NA,1e-06,NA,NA,NA,NA
"IA","stog_X3","existing","stog","no",2020,NA,NA,NA,1e-06,NA,NA,NA,NA
"IA","lfg_X","existing","lfg","no",2020,NA,NA,NA,1e-06,NA,NA,NA,NA
"ID","stog_X3","existing","stog","no",2020,NA,NA,NA,1e-06,NA,NA,NA,NA
"ID","lfg_X","existing","lfg","no",2020,NA,NA,NA,1e-06,NA,NA,NA,NA
"IL","stog_X3","existing","stog","no",2020,NA,NA,NA,1e-06,NA,NA,NA,NA
"IL","lfg_X","existing","lfg","no",2020,NA,NA,NA,1e-06,NA,NA,NA,NA
"IN","stog_X3","existing","stog","no",2020,NA,NA,NA,1e-06,NA,NA,NA,NA
"IN","lfg_X","existing","lfg","no",2020,NA,NA,NA,1e-06,NA,NA,NA,NA
"KS","stog_X3","existing","stog","no",2020,NA,NA,NA,1e-06,NA,NA,NA,NA
"KS","lfg_X","existing","lfg","no",2020,NA,NA,NA,1e-06,NA,NA,NA,NA
"KY","stog_X3","existing","stog","no",2020,NA,NA,NA,1e-06,NA,NA,NA,NA
"KY","lfg_X","existing","lfg","no",2020,NA,NA,NA,1e-06,NA,NA,NA,NA
"LA","stog_X3","existing","stog","no",2020,NA,NA,NA,1e-06,NA,NA,NA,NA
"LA","lfg_X","existing","lfg","no",2020,NA,NA,NA,1e-06,NA,NA,NA,NA
"MA","stog_X3","existing","stog","no",2020,NA,NA,NA,1e-06,NA,NA,NA,NA
"MA","lfg_X","existing","lfg","no",2020,NA,NA,NA,1e-06,NA,NA,NA,NA
"MD","stog_X3","existing","stog","no",2020,NA,NA,NA,1e-06,NA,NA,NA,NA
"MD","lfg_X","existing","lfg","no",2020,NA,NA,NA,1e-06,NA,NA,NA,NA
"ME","stog_X3","existing","stog","no",2020,NA,NA,NA,1e-06,NA,NA,NA,NA
"ME","lfg_X","existing","lfg","no",2020,NA,NA,NA,1e-06,NA,NA,NA,NA
"MI","stog_X3","existing","stog","no",2020,NA,NA,NA,1e-06,NA,NA,NA,NA
"MI","lfg_X","existing","lfg","no",2020,NA,NA,NA,1e-06,NA,NA,NA,NA
"MN","stog_X3","existing","stog","no",2020,NA,NA,NA,1e-06,NA,NA,NA,NA
"MN","lfg_X","existing","lfg","no",2020,NA,NA,NA,1e-06,NA,NA,NA,NA
"MO","stog_X3","existing","stog","no",2020,NA,NA,NA,1e-06,NA,NA,NA,NA
"MO","lfg_X","existing","lfg","no",2020,NA,NA,NA,1e-06,NA,NA,NA,NA
"MS","stog_X3","existing","stog","no",2020,NA,NA,NA,1e-06,NA,NA,NA,NA
"MS","lfg_X","existing","lfg","no",2020,NA,NA,NA,1e-06,NA,NA,NA,NA
"MT","stog_X3","existing","stog","no",2020,NA,NA,NA,1e-06,NA,NA,NA,NA
"MT","lfg_X","existing","lfg","no",2020,NA,NA,NA,1e-06,NA,NA,NA,NA
"NC","stog_X3","existing","stog","no",2020,NA,NA,NA,1e-06,NA,NA,NA,NA
"NC","lfg_X","existing","lfg","no",2020,NA,NA,NA,1e-06,NA,NA,NA,NA
"ND","stog_X3","existing","stog","no",2020,NA,NA,NA,1e-06,NA,NA,NA,NA
"ND","lfg_X","existing","lfg","no",2020,NA,NA,NA,1e-06,NA,NA,NA,NA
"NE","stog_X3","existing","stog","no",2020,NA,NA,NA,1e-06,NA,NA,NA,NA
"NE","lfg_X","existing","lfg","no",2020,NA,NA,NA,1e-06,NA,NA,NA,NA
"NH","stog_X3","existing","stog","no",2020,NA,NA,NA,1e-06,NA,NA,NA,NA
"NH","lfg_X","existing","lfg","no",2020,NA,NA,NA,1e-06,NA,NA,NA,NA
"NJ","stog_X3","existing","stog","no",2020,NA,NA,NA,1e-06,NA,NA,NA,NA
"NJ","lfg_X","existing","lfg","no",2020,NA,NA,NA,1e-06,NA,NA,NA,NA
"NM","stog_X3","existing","stog","no",2020,NA,NA,NA,1e-06,NA,NA,NA,NA
"NM","lfg_X","existing","lfg","no",2020,NA,NA,NA,1e-06,NA,NA,NA,NA
"NV","stog_X3","existing","stog","no",2020,NA,NA,NA,1e-06,NA,NA,NA,NA
"NV","lfg_X","existing","lfg","no",2020,NA,NA,NA,1e-06,NA,NA,NA,NA
"NY","stog_X3","existing","stog","no",2020,NA,NA,NA,1e-06,NA,NA,NA,NA
"NY","lfg_X","existing","lfg","no",2020,NA,NA,NA,1e-06,NA,NA,NA,NA
"OH","stog_X3","existing","stog","no",2020,NA,NA,NA,1e-06,NA,NA,NA,NA
"OH","lfg_X","existing","lfg","no",2020,NA,NA,NA,1e-06,NA,NA,NA,NA
"OK","stog_X3","existing","stog","no",2020,NA,NA,NA,1e-06,NA,NA,NA,NA
"OK","lfg_X","existing","lfg","no",2020,NA,NA,NA,1e-06,NA,NA,NA,NA
"OR","stog_X3","existing","stog","no",2020,NA,NA,NA,1e-06,NA,NA,NA,NA
"OR","lfg_X","existing","lfg","no",2020,NA,NA,NA,1e-06,NA,NA,NA,NA
"PA","stog_X3","existing","stog","no",2020,NA,NA,NA,1e-06,NA,NA,NA,NA
"PA","lfg_X","existing","lfg","no",2020,NA,NA,NA,1e-06,NA,NA,NA,NA
"RI","stog_X3","existing","stog","no",2020,NA,NA,NA,1e-06,NA,NA,NA,NA
"RI","lfg_X","existing","lfg","no",2020,NA,NA,NA,1e-06,NA,NA,NA,NA
"SC","stog_X3","existing","stog","no",2020,NA,NA,NA,1e-06,NA,NA,NA,NA
"SC","lfg_X","existing","lfg","no",2020,NA,NA,NA,1e-06,NA,NA,NA,NA
"SD","stog_X3","existing","stog","no",2020,NA,NA,NA,1e-06,NA,NA,NA,NA
"SD","lfg_X","existing","lfg","no",2020,NA,NA,NA,1e-06,NA,NA,NA,NA
"TN","stog_X3","existing","stog","no",2020,NA,NA,NA,1e-06,NA,NA,NA,NA
"TN","lfg_X","existing","lfg","no",2020,NA,NA,NA,1e-06,NA,NA,NA,NA
"TX","stog_X3","existing","stog","no",2020,NA,NA,NA,1e-06,NA,NA,NA,NA
"TX","lfg_X","existing","lfg","no",2020,NA,NA,NA,1e-06,NA,NA,NA,NA
"UT","stog_X3","existing","stog","no",2020,NA,NA,NA,1e-06,NA,NA,NA,NA
"UT","lfg_X","existing","lfg","no",2020,NA,NA,NA,1e-06,NA,NA,NA,NA
"VA","stog_X3","existing","stog","no",2020,NA,NA,NA,1e-06,NA,NA,NA,NA
"VA","lfg_X","existing","lfg","no",2020,NA,NA,NA,1e-06,NA,NA,NA,NA
"VT","stog_X3","existing","stog","no",2020,NA,NA,NA,1e-06,NA,NA,NA,NA
"VT","lfg_X","existing","lfg","no",2020,NA,NA,NA,1e-06,NA,NA,NA,NA
"WA","stog_X3","existing","stog","no",2020,NA,NA,NA,1e-06,NA,NA,NA,NA
"WA","lfg_X","existing","lfg","no",2020,NA,NA,NA,1e-06,NA,NA,NA,NA
"WI","stog_X3","existing","stog","no",2020,NA,NA,NA,1e-06,NA,NA,NA,NA
"WI","lfg_X","existing","lfg","no",2020,NA,NA,NA,1e-06,NA,NA,NA,NA
"WV","stog_X3","existing","stog","no",2020,NA,NA,NA,1e-06,NA,NA,NA,NA
"WV","lfg_X","existing","lfg","no",2020,NA,NA,NA,1e-06,NA,NA,NA,NA
"WY","stog_X3","existing","stog","no",2020,NA,NA,NA,1e-06,NA,NA,NA,NA
"WY","lfg_X","existing","lfg","no",2020,NA,NA,NA,1e-06,NA,NA,NA,NA
